season,forecast_date,player,round_1,round_1_outcome,round_2,round_2_outcome,round_3,round_3_outcome,round_4,round_4_outcome,round_5,round_5_outcome,round_6,round_6_outcome,round_7,round_7_outcome
2016,2016-09-11,S. WAWRINKA,1.0,1.0,1.0,1.0,1.0,1.0,1.0,1.0,1.0,1.0,1.0,1.0,1.0,1.0
2016,2016-09-11,N. DJOKOVIC,1.0,1.0,1.0,1.0,1.0,1.0,1.0,1.0,1.0,1.0,1.0,1.0,0.0,0.0
2016,2016-09-11,G. MONFILS,1.0,1.0,1.0,1.0,1.0,1.0,1.0,1.0,1.0,1.0,0.0,0.0,0.0,0.0
2016,2016-09-11,K. NISHIKORI,1.0,1.0,1.0,1.0,1.0,1.0,1.0,1.0,1.0,1.0,0.0,0.0,0.0,0.0
2016,2016-09-11,A. MURRAY,1.0,1.0,1.0,1.0,1.0,1.0,1.0,1.0,0.0,0.0,0.0,0.0,0.0,0.0
2016,2016-09-11,J. TSONGA,1.0,1.0,1.0,1.0,1.0,1.0,1.0,1.0,0.0,0.0,0.0,0.0,0.0,0.0
2016,2016-09-11,J. DEL POTRO,1.0,1.0,1.0,1.0,1.0,1.0,1.0,1.0,0.0,0.0,0.0,0.0,0.0,0.0
2016,2016-09-11,L. POUILLE,1.0,1.0,1.0,1.0,1.0,1.0,1.0,1.0,0.0,0.0,0.0,0.0,0.0,0.0
2016,2016-09-11,G. DIMITROV,1.0,1.0,1.0,1.0,1.0,1.0,0.0,0.0,0.0,0.0,0.0,0.0,0.0,0.0
2016,2016-09-11,M. BAGHDATIS,1.0,1.0,1.0,1.0,1.0,1.0,0.0,0.0,0.0,0.0,0.0,0.0,0.0,0.0
2016,2016-09-11,I. MARCHENKO,1.0,1.0,1.0,1.0,1.0,1.0,0.0,0.0,0.0,0.0,0.0,0.0,0.0,0.0
2016,2016-09-11,K. EDMUND,1.0,1.0,1.0,1.0,1.0,1.0,0.0,0.0,0.0,0.0,0.0,0.0,0.0,0.0
2016,2016-09-11,J. SOCK,1.0,1.0,1.0,1.0,1.0,1.0,0.0,0.0,0.0,0.0,0.0,0.0,0.0,0.0
2016,2016-09-11,I. KARLOVIC,1.0,1.0,1.0,1.0,1.0,1.0,0.0,0.0,0.0,0.0,0.0,0.0,0.0,0.0
2016,2016-09-11,R. NADAL,1.0,1.0,1.0,1.0,1.0,1.0,0.0,0.0,0.0,0.0,0.0,0.0,0.0,0.0
2016,2016-09-11,D. THIEM,1.0,1.0,1.0,1.0,1.0,1.0,0.0,0.0,0.0,0.0,0.0,0.0,0.0,0.0
2016,2016-09-11,R. HARRISON,1.0,1.0,1.0,1.0,0.0,0.0,0.0,0.0,0.0,0.0,0.0,0.0,0.0,0.0
2016,2016-09-11,J. DONALDSON,1.0,1.0,1.0,1.0,0.0,0.0,0.0,0.0,0.0,0.0,0.0,0.0,0.0,0.0
2016,2016-09-11,P. CARRENO BUSTA,1.0,1.0,1.0,1.0,0.0,0.0,0.0,0.0,0.0,0.0,0.0,0.0,0.0,0.0
2016,2016-09-11,N. ALMAGRO,1.0,1.0,1.0,1.0,0.0,0.0,0.0,0.0,0.0,0.0,0.0,0.0,0.0,0.0
2016,2016-09-11,R. BAUTISTA AGUT,1.0,1.0,1.0,1.0,0.0,0.0,0.0,0.0,0.0,0.0,0.0,0.0,0.0,0.0
2016,2016-09-11,D. FERRER,1.0,1.0,1.0,1.0,0.0,0.0,0.0,0.0,0.0,0.0,0.0,0.0,0.0,0.0
2016,2016-09-11,N. KYRGIOS,1.0,1.0,1.0,1.0,0.0,0.0,0.0,0.0,0.0,0.0,0.0,0.0,0.0,0.0
2016,2016-09-11,J. ISNER,1.0,1.0,1.0,1.0,0.0,0.0,0.0,0.0,0.0,0.0,0.0,0.0,0.0,0.0
2016,2016-09-11,A. KUZNETSOV,1.0,1.0,1.0,1.0,0.0,0.0,0.0,0.0,0.0,0.0,0.0,0.0,0.0,0.0
2016,2016-09-11,N. MAHUT,1.0,1.0,1.0,1.0,0.0,0.0,0.0,0.0,0.0,0.0,0.0,0.0,0.0,0.0
2016,2016-09-11,D. EVANS,1.0,1.0,1.0,1.0,0.0,0.0,0.0,0.0,0.0,0.0,0.0,0.0,0.0,0.0
2016,2016-09-11,K. ANDERSON,1.0,1.0,1.0,1.0,0.0,0.0,0.0,0.0,0.0,0.0,0.0,0.0,0.0,0.0
2016,2016-09-11,J. SOUSA,1.0,1.0,1.0,1.0,0.0,0.0,0.0,0.0,0.0,0.0,0.0,0.0,0.0,0.0
2016,2016-09-11,P. LORENZI,1.0,1.0,1.0,1.0,0.0,0.0,0.0,0.0,0.0,0.0,0.0,0.0,0.0,0.0
2016,2016-09-11,M. YOUZHNY,1.0,1.0,1.0,1.0,0.0,0.0,0.0,0.0,0.0,0.0,0.0,0.0,0.0,0.0
2016,2016-09-11,M. CILIC,1.0,1.0,1.0,1.0,0.0,0.0,0.0,0.0,0.0,0.0,0.0,0.0,0.0,0.0
2016,2016-09-11,A. ZVEREV,1.0,1.0,0.0,0.0,0.0,0.0,0.0,0.0,0.0,0.0,0.0,0.0,0.0,0.0
2016,2016-09-11,M. GRANOLLERS,1.0,1.0,0.0,0.0,0.0,0.0,0.0,0.0,0.0,0.0,0.0,0.0,0.0,0.0
2016,2016-09-11,M. ZVEREV,1.0,1.0,0.0,0.0,0.0,0.0,0.0,0.0,0.0,0.0,0.0,0.0,0.0,0.0
2016,2016-09-11,K. KHACHANOV,1.0,1.0,0.0,0.0,0.0,0.0,0.0,0.0,0.0,0.0,0.0,0.0,0.0,0.0
2016,2016-09-11,A. SEPPI,1.0,1.0,0.0,0.0,0.0,0.0,0.0,0.0,0.0,0.0,0.0,0.0,0.0,0.0
2016,2016-09-11,P. MATHIEU,1.0,1.0,0.0,0.0,0.0,0.0,0.0,0.0,0.0,0.0,0.0,0.0,0.0,0.0
2016,2016-09-11,V. POSPISIL,1.0,1.0,0.0,0.0,0.0,0.0,0.0,0.0,0.0,0.0,0.0,0.0,0.0,0.0
2016,2016-09-11,S. STAKHOVSKY,1.0,1.0,0.0,0.0,0.0,0.0,0.0,0.0,0.0,0.0,0.0,0.0,0.0,0.0
2016,2016-09-11,A. RAMOS-VINOLAS,1.0,1.0,0.0,0.0,0.0,0.0,0.0,0.0,0.0,0.0,0.0,0.0,0.0,0.0
2016,2016-09-11,D. DZUMHUR,1.0,1.0,0.0,0.0,0.0,0.0,0.0,0.0,0.0,0.0,0.0,0.0,0.0,0.0
2016,2016-09-11,J. CHARDY,1.0,1.0,0.0,0.0,0.0,0.0,0.0,0.0,0.0,0.0,0.0,0.0,0.0,0.0
2016,2016-09-11,G. PELLA,1.0,1.0,0.0,0.0,0.0,0.0,0.0,0.0,0.0,0.0,0.0,0.0,0.0,0.0
2016,2016-09-11,M. CHIUDINELLI,1.0,1.0,0.0,0.0,0.0,0.0,0.0,0.0,0.0,0.0,0.0,0.0,0.0,0.0
2016,2016-09-11,H. ZEBALLOS,1.0,1.0,0.0,0.0,0.0,0.0,0.0,0.0,0.0,0.0,0.0,0.0,0.0,0.0
2016,2016-09-11,F. DELBONIS,1.0,1.0,0.0,0.0,0.0,0.0,0.0,0.0,0.0,0.0,0.0,0.0,0.0,0.0
2016,2016-09-11,J. DUCKWORTH,1.0,1.0,0.0,0.0,0.0,0.0,0.0,0.0,0.0,0.0,0.0,0.0,0.0,0.0
2016,2016-09-11,D. YOUNG,1.0,1.0,0.0,0.0,0.0,0.0,0.0,0.0,0.0,0.0,0.0,0.0,0.0,0.0
2016,2016-09-11,S. DARCIS,1.0,1.0,0.0,0.0,0.0,0.0,0.0,0.0,0.0,0.0,0.0,0.0,0.0,0.0
2016,2016-09-11,F. FOGNINI,1.0,1.0,0.0,0.0,0.0,0.0,0.0,0.0,0.0,0.0,0.0,0.0,0.0,0.0
2016,2016-09-11,J. SATRAL,1.0,1.0,0.0,0.0,0.0,0.0,0.0,0.0,0.0,0.0,0.0,0.0,0.0,0.0
2016,2016-09-11,V. TROICKI,1.0,1.0,0.0,0.0,0.0,0.0,0.0,0.0,0.0,0.0,0.0,0.0,0.0,0.0
2016,2016-09-11,G. SIMON,1.0,1.0,0.0,0.0,0.0,0.0,0.0,0.0,0.0,0.0,0.0,0.0,0.0,0.0
2016,2016-09-11,P. CUEVAS,1.0,1.0,0.0,0.0,0.0,0.0,0.0,0.0,0.0,0.0,0.0,0.0,0.0,0.0
2016,2016-09-11,S. JOHNSON,1.0,1.0,0.0,0.0,0.0,0.0,0.0,0.0,0.0,0.0,0.0,0.0,0.0,0.0
2016,2016-09-11,B. PAIRE,1.0,1.0,0.0,0.0,0.0,0.0,0.0,0.0,0.0,0.0,0.0,0.0,0.0,0.0
2016,2016-09-11,J. TIPSAREVIC,1.0,1.0,0.0,0.0,0.0,0.0,0.0,0.0,0.0,0.0,0.0,0.0,0.0,0.0
2016,2016-09-11,J. VESELY,1.0,1.0,0.0,0.0,0.0,0.0,0.0,0.0,0.0,0.0,0.0,0.0,0.0,0.0
2016,2016-09-11,F. LOPEZ,1.0,1.0,0.0,0.0,0.0,0.0,0.0,0.0,0.0,0.0,0.0,0.0,0.0,0.0
2016,2016-09-11,E. ESCOBEDO,1.0,1.0,0.0,0.0,0.0,0.0,0.0,0.0,0.0,0.0,0.0,0.0,0.0,0.0
2016,2016-09-11,R. BERANKIS,1.0,1.0,0.0,0.0,0.0,0.0,0.0,0.0,0.0,0.0,0.0,0.0,0.0,0.0
2016,2016-09-11,M. RAONIC,1.0,1.0,0.0,0.0,0.0,0.0,0.0,0.0,0.0,0.0,0.0,0.0,0.0,0.0
2016,2016-09-11,A. GIANNESSI,1.0,1.0,0.0,0.0,0.0,0.0,0.0,0.0,0.0,0.0,0.0,0.0,0.0,0.0
2016,2016-09-11,R. DUTRA SILVA,0.0,0.0,0.0,0.0,0.0,0.0,0.0,0.0,0.0,0.0,0.0,0.0,0.0,0.0
2016,2016-09-11,D. BROWN,0.0,0.0,0.0,0.0,0.0,0.0,0.0,0.0,0.0,0.0,0.0,0.0,0.0,0.0
2016,2016-09-11,M. JAZIRI,0.0,0.0,0.0,0.0,0.0,0.0,0.0,0.0,0.0,0.0,0.0,0.0,0.0,0.0
2016,2016-09-11,A. MANNARINO,0.0,0.0,0.0,0.0,0.0,0.0,0.0,0.0,0.0,0.0,0.0,0.0,0.0,0.0
2016,2016-09-11,F. BAGNIS,0.0,0.0,0.0,0.0,0.0,0.0,0.0,0.0,0.0,0.0,0.0,0.0,0.0,0.0
2016,2016-09-11,I. IVASHKA,0.0,0.0,0.0,0.0,0.0,0.0,0.0,0.0,0.0,0.0,0.0,0.0,0.0,0.0
2016,2016-09-11,D. LAJOVIC,0.0,0.0,0.0,0.0,0.0,0.0,0.0,0.0,0.0,0.0,0.0,0.0,0.0,0.0
2016,2016-09-11,S. QUERREY,0.0,0.0,0.0,0.0,0.0,0.0,0.0,0.0,0.0,0.0,0.0,0.0,0.0,0.0
2016,2016-09-11,E. DONSKOY,0.0,0.0,0.0,0.0,0.0,0.0,0.0,0.0,0.0,0.0,0.0,0.0,0.0,0.0
2016,2016-09-11,D. SELA,0.0,0.0,0.0,0.0,0.0,0.0,0.0,0.0,0.0,0.0,0.0,0.0,0.0,0.0
2016,2016-09-11,D. SCHWARTZMAN,0.0,0.0,0.0,0.0,0.0,0.0,0.0,0.0,0.0,0.0,0.0,0.0,0.0,0.0
2016,2016-09-11,M. FUCSOVICS,0.0,0.0,0.0,0.0,0.0,0.0,0.0,0.0,0.0,0.0,0.0,0.0,0.0,0.0
2016,2016-09-11,M. MCDONALD,0.0,0.0,0.0,0.0,0.0,0.0,0.0,0.0,0.0,0.0,0.0,0.0,0.0,0.0
2016,2016-09-11,T. GABASHVILI,0.0,0.0,0.0,0.0,0.0,0.0,0.0,0.0,0.0,0.0,0.0,0.0,0.0,0.0
2016,2016-09-11,G. MULLER,0.0,0.0,0.0,0.0,0.0,0.0,0.0,0.0,0.0,0.0,0.0,0.0,0.0,0.0
2016,2016-09-11,L. ROSOL,0.0,0.0,0.0,0.0,0.0,0.0,0.0,0.0,0.0,0.0,0.0,0.0,0.0,0.0
2016,2016-09-11,A. DOLGOPOLOV,0.0,0.0,0.0,0.0,0.0,0.0,0.0,0.0,0.0,0.0,0.0,0.0,0.0,0.0
2016,2016-09-11,G. GARCIA-LOPEZ,0.0,0.0,0.0,0.0,0.0,0.0,0.0,0.0,0.0,0.0,0.0,0.0,0.0,0.0
2016,2016-09-11,A. BEDENE,0.0,0.0,0.0,0.0,0.0,0.0,0.0,0.0,0.0,0.0,0.0,0.0,0.0,0.0
2016,2016-09-11,B. BAKER,0.0,0.0,0.0,0.0,0.0,0.0,0.0,0.0,0.0,0.0,0.0,0.0,0.0,0.0
2016,2016-09-11,F. MAYER,0.0,0.0,0.0,0.0,0.0,0.0,0.0,0.0,0.0,0.0,0.0,0.0,0.0,0.0
2016,2016-09-11,G. CLEZAR,0.0,0.0,0.0,0.0,0.0,0.0,0.0,0.0,0.0,0.0,0.0,0.0,0.0,0.0
2016,2016-09-11,M. KUKUSHKIN,0.0,0.0,0.0,0.0,0.0,0.0,0.0,0.0,0.0,0.0,0.0,0.0,0.0,0.0
2016,2016-09-11,I. DODIG,0.0,0.0,0.0,0.0,0.0,0.0,0.0,0.0,0.0,0.0,0.0,0.0,0.0,0.0
2016,2016-09-11,B. TOMIC,0.0,0.0,0.0,0.0,0.0,0.0,0.0,0.0,0.0,0.0,0.0,0.0,0.0,0.0
2016,2016-09-11,J. BENNETEAU,0.0,0.0,0.0,0.0,0.0,0.0,0.0,0.0,0.0,0.0,0.0,0.0,0.0,0.0
2016,2016-09-11,D. BRANDS,0.0,0.0,0.0,0.0,0.0,0.0,0.0,0.0,0.0,0.0,0.0,0.0,0.0,0.0
2016,2016-09-11,T. BELLUCCI,0.0,0.0,0.0,0.0,0.0,0.0,0.0,0.0,0.0,0.0,0.0,0.0,0.0,0.0
2016,2016-09-11,R. RAM,0.0,0.0,0.0,0.0,0.0,0.0,0.0,0.0,0.0,0.0,0.0,0.0,0.0,0.0
2016,2016-09-11,S. ROBERT,0.0,0.0,0.0,0.0,0.0,0.0,0.0,0.0,0.0,0.0,0.0,0.0,0.0,0.0
2016,2016-09-11,D. ISTOMIN,0.0,0.0,0.0,0.0,0.0,0.0,0.0,0.0,0.0,0.0,0.0,0.0,0.0,0.0
2016,2016-09-11,D. KUDLA,0.0,0.0,0.0,0.0,0.0,0.0,0.0,0.0,0.0,0.0,0.0,0.0,0.0,0.0
2016,2016-09-11,F. VERDASCO,0.0,0.0,0.0,0.0,0.0,0.0,0.0,0.0,0.0,0.0,0.0,0.0,0.0,0.0
2016,2016-09-11,J. MILLMAN,0.0,0.0,0.0,0.0,0.0,0.0,0.0,0.0,0.0,0.0,0.0,0.0,0.0,0.0
2016,2016-09-11,G. ELIAS,0.0,0.0,0.0,0.0,0.0,0.0,0.0,0.0,0.0,0.0,0.0,0.0,0.0,0.0
2016,2016-09-11,J. MONACO,0.0,0.0,0.0,0.0,0.0,0.0,0.0,0.0,0.0,0.0,0.0,0.0,0.0,0.0
2016,2016-09-11,P. HERBERT,0.0,0.0,0.0,0.0,0.0,0.0,0.0,0.0,0.0,0.0,0.0,0.0,0.0,0.0
2016,2016-09-11,B. BECKER,0.0,0.0,0.0,0.0,0.0,0.0,0.0,0.0,0.0,0.0,0.0,0.0,0.0,0.0
2016,2016-09-11,T. FRITZ,0.0,0.0,0.0,0.0,0.0,0.0,0.0,0.0,0.0,0.0,0.0,0.0,0.0,0.0
2016,2016-09-11,T. FABBIANO,0.0,0.0,0.0,0.0,0.0,0.0,0.0,0.0,0.0,0.0,0.0,0.0,0.0,0.0
2016,2016-09-11,C. HARRISON,0.0,0.0,0.0,0.0,0.0,0.0,0.0,0.0,0.0,0.0,0.0,0.0,0.0,0.0
2016,2016-09-11,Y. NISHIOKA,0.0,0.0,0.0,0.0,0.0,0.0,0.0,0.0,0.0,0.0,0.0,0.0,0.0,0.0
2016,2016-09-11,J. KOVALIK,0.0,0.0,0.0,0.0,0.0,0.0,0.0,0.0,0.0,0.0,0.0,0.0,0.0,0.0
2016,2016-09-11,P. KOHLSCHREIBER,0.0,0.0,0.0,0.0,0.0,0.0,0.0,0.0,0.0,0.0,0.0,0.0,0.0,0.0
2016,2016-09-11,R. HAASE,0.0,0.0,0.0,0.0,0.0,0.0,0.0,0.0,0.0,0.0,0.0,0.0,0.0,0.0
2016,2016-09-11,Y. LU,0.0,0.0,0.0,0.0,0.0,0.0,0.0,0.0,0.0,0.0,0.0,0.0,0.0,0.0
2016,2016-09-11,G. ANDREOZZI,0.0,0.0,0.0,0.0,0.0,0.0,0.0,0.0,0.0,0.0,0.0,0.0,0.0,0.0
2016,2016-09-11,J. STRUFF,0.0,0.0,0.0,0.0,0.0,0.0,0.0,0.0,0.0,0.0,0.0,0.0,0.0,0.0
2016,2016-09-11,R. GASQUET,0.0,0.0,0.0,0.0,0.0,0.0,0.0,0.0,0.0,0.0,0.0,0.0,0.0,0.0
2016,2016-09-11,R. ALBOT,0.0,0.0,0.0,0.0,0.0,0.0,0.0,0.0,0.0,0.0,0.0,0.0,0.0,0.0
2016,2016-09-11,D. GOFFIN,0.0,0.0,0.0,0.0,0.0,0.0,0.0,0.0,0.0,0.0,0.0,0.0,0.0,0.0
2016,2016-09-11,L. LACKO,0.0,0.0,0.0,0.0,0.0,0.0,0.0,0.0,0.0,0.0,0.0,0.0,0.0,0.0
2016,2016-09-11,B. CORIC,0.0,0.0,0.0,0.0,0.0,0.0,0.0,0.0,0.0,0.0,0.0,0.0,0.0,0.0
2016,2016-09-11,J. THOMPSON,0.0,0.0,0.0,0.0,0.0,0.0,0.0,0.0,0.0,0.0,0.0,0.0,0.0,0.0
2016,2016-09-11,F. TIAFOE,0.0,0.0,0.0,0.0,0.0,0.0,0.0,0.0,0.0,0.0,0.0,0.0,0.0,0.0
2016,2016-09-11,V. ESTRELLA BURGOS,0.0,0.0,0.0,0.0,0.0,0.0,0.0,0.0,0.0,0.0,0.0,0.0,0.0,0.0
2016,2016-09-11,M. KLIZAN,0.0,0.0,0.0,0.0,0.0,0.0,0.0,0.0,0.0,0.0,0.0,0.0,0.0,0.0
2016,2016-09-11,M. MMOH,0.0,0.0,0.0,0.0,0.0,0.0,0.0,0.0,0.0,0.0,0.0,0.0,0.0,0.0
2016,2016-09-11,I. CERVANTES,0.0,0.0,0.0,0.0,0.0,0.0,0.0,0.0,0.0,0.0,0.0,0.0,0.0,0.0
2016,2016-09-11,B. FRATANGELO,0.0,0.0,0.0,0.0,0.0,0.0,0.0,0.0,0.0,0.0,0.0,0.0,0.0,0.0
2016,2016-09-11,S. MYNENI,0.0,0.0,0.0,0.0,0.0,0.0,0.0,0.0,0.0,0.0,0.0,0.0,0.0,0.0
2016,2016-09-11,R. STEPANEK,0.0,0.0,0.0,0.0,0.0,0.0,0.0,0.0,0.0,0.0,0.0,0.0,0.0,0.0
2016,2016-09-11,J. JANOWICZ,0.0,0.0,0.0,0.0,0.0,0.0,0.0,0.0,0.0,0.0,0.0,0.0,0.0,0.0
2016,2016-09-11,C. BERLOCQ,0.0,0.0,0.0,0.0,0.0,0.0,0.0,0.0,0.0,0.0,0.0,0.0,0.0,0.0
2016,2016-09-09,N. DJOKOVIC,1.0,1.0,1.0,1.0,1.0,1.0,1.0,1.0,1.0,1.0,1.0,1.0,0.88315,0.0
2016,2016-09-09,S. WAWRINKA,1.0,1.0,1.0,1.0,1.0,1.0,1.0,1.0,1.0,1.0,1.0,1.0,0.11685,1.0
2016,2016-09-09,G. MONFILS,1.0,1.0,1.0,1.0,1.0,1.0,1.0,1.0,1.0,1.0,0.0,0.0,0.0,0.0
2016,2016-09-09,K. NISHIKORI,1.0,1.0,1.0,1.0,1.0,1.0,1.0,1.0,1.0,1.0,0.0,0.0,0.0,0.0
2016,2016-09-09,A. MURRAY,1.0,1.0,1.0,1.0,1.0,1.0,1.0,1.0,0.0,0.0,0.0,0.0,0.0,0.0
2016,2016-09-09,J. TSONGA,1.0,1.0,1.0,1.0,1.0,1.0,1.0,1.0,0.0,0.0,0.0,0.0,0.0,0.0
2016,2016-09-09,J. DEL POTRO,1.0,1.0,1.0,1.0,1.0,1.0,1.0,1.0,0.0,0.0,0.0,0.0,0.0,0.0
2016,2016-09-09,L. POUILLE,1.0,1.0,1.0,1.0,1.0,1.0,1.0,1.0,0.0,0.0,0.0,0.0,0.0,0.0
2016,2016-09-09,G. DIMITROV,1.0,1.0,1.0,1.0,1.0,1.0,0.0,0.0,0.0,0.0,0.0,0.0,0.0,0.0
2016,2016-09-09,M. BAGHDATIS,1.0,1.0,1.0,1.0,1.0,1.0,0.0,0.0,0.0,0.0,0.0,0.0,0.0,0.0
2016,2016-09-09,I. MARCHENKO,1.0,1.0,1.0,1.0,1.0,1.0,0.0,0.0,0.0,0.0,0.0,0.0,0.0,0.0
2016,2016-09-09,K. EDMUND,1.0,1.0,1.0,1.0,1.0,1.0,0.0,0.0,0.0,0.0,0.0,0.0,0.0,0.0
2016,2016-09-09,J. SOCK,1.0,1.0,1.0,1.0,1.0,1.0,0.0,0.0,0.0,0.0,0.0,0.0,0.0,0.0
2016,2016-09-09,I. KARLOVIC,1.0,1.0,1.0,1.0,1.0,1.0,0.0,0.0,0.0,0.0,0.0,0.0,0.0,0.0
2016,2016-09-09,R. NADAL,1.0,1.0,1.0,1.0,1.0,1.0,0.0,0.0,0.0,0.0,0.0,0.0,0.0,0.0
2016,2016-09-09,D. THIEM,1.0,1.0,1.0,1.0,1.0,1.0,0.0,0.0,0.0,0.0,0.0,0.0,0.0,0.0
2016,2016-09-09,R. HARRISON,1.0,1.0,1.0,1.0,0.0,0.0,0.0,0.0,0.0,0.0,0.0,0.0,0.0,0.0
2016,2016-09-09,J. DONALDSON,1.0,1.0,1.0,1.0,0.0,0.0,0.0,0.0,0.0,0.0,0.0,0.0,0.0,0.0
2016,2016-09-09,P. CARRENO BUSTA,1.0,1.0,1.0,1.0,0.0,0.0,0.0,0.0,0.0,0.0,0.0,0.0,0.0,0.0
2016,2016-09-09,N. ALMAGRO,1.0,1.0,1.0,1.0,0.0,0.0,0.0,0.0,0.0,0.0,0.0,0.0,0.0,0.0
2016,2016-09-09,R. BAUTISTA AGUT,1.0,1.0,1.0,1.0,0.0,0.0,0.0,0.0,0.0,0.0,0.0,0.0,0.0,0.0
2016,2016-09-09,D. FERRER,1.0,1.0,1.0,1.0,0.0,0.0,0.0,0.0,0.0,0.0,0.0,0.0,0.0,0.0
2016,2016-09-09,N. KYRGIOS,1.0,1.0,1.0,1.0,0.0,0.0,0.0,0.0,0.0,0.0,0.0,0.0,0.0,0.0
2016,2016-09-09,J. ISNER,1.0,1.0,1.0,1.0,0.0,0.0,0.0,0.0,0.0,0.0,0.0,0.0,0.0,0.0
2016,2016-09-09,A. KUZNETSOV,1.0,1.0,1.0,1.0,0.0,0.0,0.0,0.0,0.0,0.0,0.0,0.0,0.0,0.0
2016,2016-09-09,N. MAHUT,1.0,1.0,1.0,1.0,0.0,0.0,0.0,0.0,0.0,0.0,0.0,0.0,0.0,0.0
2016,2016-09-09,D. EVANS,1.0,1.0,1.0,1.0,0.0,0.0,0.0,0.0,0.0,0.0,0.0,0.0,0.0,0.0
2016,2016-09-09,K. ANDERSON,1.0,1.0,1.0,1.0,0.0,0.0,0.0,0.0,0.0,0.0,0.0,0.0,0.0,0.0
2016,2016-09-09,J. SOUSA,1.0,1.0,1.0,1.0,0.0,0.0,0.0,0.0,0.0,0.0,0.0,0.0,0.0,0.0
2016,2016-09-09,P. LORENZI,1.0,1.0,1.0,1.0,0.0,0.0,0.0,0.0,0.0,0.0,0.0,0.0,0.0,0.0
2016,2016-09-09,M. YOUZHNY,1.0,1.0,1.0,1.0,0.0,0.0,0.0,0.0,0.0,0.0,0.0,0.0,0.0,0.0
2016,2016-09-09,M. CILIC,1.0,1.0,1.0,1.0,0.0,0.0,0.0,0.0,0.0,0.0,0.0,0.0,0.0,0.0
2016,2016-09-09,A. ZVEREV,1.0,1.0,0.0,0.0,0.0,0.0,0.0,0.0,0.0,0.0,0.0,0.0,0.0,0.0
2016,2016-09-09,M. GRANOLLERS,1.0,1.0,0.0,0.0,0.0,0.0,0.0,0.0,0.0,0.0,0.0,0.0,0.0,0.0
2016,2016-09-09,M. ZVEREV,1.0,1.0,0.0,0.0,0.0,0.0,0.0,0.0,0.0,0.0,0.0,0.0,0.0,0.0
2016,2016-09-09,K. KHACHANOV,1.0,1.0,0.0,0.0,0.0,0.0,0.0,0.0,0.0,0.0,0.0,0.0,0.0,0.0
2016,2016-09-09,A. SEPPI,1.0,1.0,0.0,0.0,0.0,0.0,0.0,0.0,0.0,0.0,0.0,0.0,0.0,0.0
2016,2016-09-09,P. MATHIEU,1.0,1.0,0.0,0.0,0.0,0.0,0.0,0.0,0.0,0.0,0.0,0.0,0.0,0.0
2016,2016-09-09,V. POSPISIL,1.0,1.0,0.0,0.0,0.0,0.0,0.0,0.0,0.0,0.0,0.0,0.0,0.0,0.0
2016,2016-09-09,S. STAKHOVSKY,1.0,1.0,0.0,0.0,0.0,0.0,0.0,0.0,0.0,0.0,0.0,0.0,0.0,0.0
2016,2016-09-09,A. RAMOS-VINOLAS,1.0,1.0,0.0,0.0,0.0,0.0,0.0,0.0,0.0,0.0,0.0,0.0,0.0,0.0
2016,2016-09-09,D. DZUMHUR,1.0,1.0,0.0,0.0,0.0,0.0,0.0,0.0,0.0,0.0,0.0,0.0,0.0,0.0
2016,2016-09-09,J. CHARDY,1.0,1.0,0.0,0.0,0.0,0.0,0.0,0.0,0.0,0.0,0.0,0.0,0.0,0.0
2016,2016-09-09,G. PELLA,1.0,1.0,0.0,0.0,0.0,0.0,0.0,0.0,0.0,0.0,0.0,0.0,0.0,0.0
2016,2016-09-09,M. CHIUDINELLI,1.0,1.0,0.0,0.0,0.0,0.0,0.0,0.0,0.0,0.0,0.0,0.0,0.0,0.0
2016,2016-09-09,H. ZEBALLOS,1.0,1.0,0.0,0.0,0.0,0.0,0.0,0.0,0.0,0.0,0.0,0.0,0.0,0.0
2016,2016-09-09,F. DELBONIS,1.0,1.0,0.0,0.0,0.0,0.0,0.0,0.0,0.0,0.0,0.0,0.0,0.0,0.0
2016,2016-09-09,J. DUCKWORTH,1.0,1.0,0.0,0.0,0.0,0.0,0.0,0.0,0.0,0.0,0.0,0.0,0.0,0.0
2016,2016-09-09,D. YOUNG,1.0,1.0,0.0,0.0,0.0,0.0,0.0,0.0,0.0,0.0,0.0,0.0,0.0,0.0
2016,2016-09-09,S. DARCIS,1.0,1.0,0.0,0.0,0.0,0.0,0.0,0.0,0.0,0.0,0.0,0.0,0.0,0.0
2016,2016-09-09,F. FOGNINI,1.0,1.0,0.0,0.0,0.0,0.0,0.0,0.0,0.0,0.0,0.0,0.0,0.0,0.0
2016,2016-09-09,J. SATRAL,1.0,1.0,0.0,0.0,0.0,0.0,0.0,0.0,0.0,0.0,0.0,0.0,0.0,0.0
2016,2016-09-09,V. TROICKI,1.0,1.0,0.0,0.0,0.0,0.0,0.0,0.0,0.0,0.0,0.0,0.0,0.0,0.0
2016,2016-09-09,G. SIMON,1.0,1.0,0.0,0.0,0.0,0.0,0.0,0.0,0.0,0.0,0.0,0.0,0.0,0.0
2016,2016-09-09,P. CUEVAS,1.0,1.0,0.0,0.0,0.0,0.0,0.0,0.0,0.0,0.0,0.0,0.0,0.0,0.0
2016,2016-09-09,S. JOHNSON,1.0,1.0,0.0,0.0,0.0,0.0,0.0,0.0,0.0,0.0,0.0,0.0,0.0,0.0
2016,2016-09-09,B. PAIRE,1.0,1.0,0.0,0.0,0.0,0.0,0.0,0.0,0.0,0.0,0.0,0.0,0.0,0.0
2016,2016-09-09,J. TIPSAREVIC,1.0,1.0,0.0,0.0,0.0,0.0,0.0,0.0,0.0,0.0,0.0,0.0,0.0,0.0
2016,2016-09-09,J. VESELY,1.0,1.0,0.0,0.0,0.0,0.0,0.0,0.0,0.0,0.0,0.0,0.0,0.0,0.0
2016,2016-09-09,F. LOPEZ,1.0,1.0,0.0,0.0,0.0,0.0,0.0,0.0,0.0,0.0,0.0,0.0,0.0,0.0
2016,2016-09-09,E. ESCOBEDO,1.0,1.0,0.0,0.0,0.0,0.0,0.0,0.0,0.0,0.0,0.0,0.0,0.0,0.0
2016,2016-09-09,R. BERANKIS,1.0,1.0,0.0,0.0,0.0,0.0,0.0,0.0,0.0,0.0,0.0,0.0,0.0,0.0
2016,2016-09-09,M. RAONIC,1.0,1.0,0.0,0.0,0.0,0.0,0.0,0.0,0.0,0.0,0.0,0.0,0.0,0.0
2016,2016-09-09,A. GIANNESSI,1.0,1.0,0.0,0.0,0.0,0.0,0.0,0.0,0.0,0.0,0.0,0.0,0.0,0.0
2016,2016-09-09,R. DUTRA SILVA,0.0,0.0,0.0,0.0,0.0,0.0,0.0,0.0,0.0,0.0,0.0,0.0,0.0,0.0
2016,2016-09-09,D. BROWN,0.0,0.0,0.0,0.0,0.0,0.0,0.0,0.0,0.0,0.0,0.0,0.0,0.0,0.0
2016,2016-09-09,M. JAZIRI,0.0,0.0,0.0,0.0,0.0,0.0,0.0,0.0,0.0,0.0,0.0,0.0,0.0,0.0
2016,2016-09-09,A. MANNARINO,0.0,0.0,0.0,0.0,0.0,0.0,0.0,0.0,0.0,0.0,0.0,0.0,0.0,0.0
2016,2016-09-09,F. BAGNIS,0.0,0.0,0.0,0.0,0.0,0.0,0.0,0.0,0.0,0.0,0.0,0.0,0.0,0.0
2016,2016-09-09,I. IVASHKA,0.0,0.0,0.0,0.0,0.0,0.0,0.0,0.0,0.0,0.0,0.0,0.0,0.0,0.0
2016,2016-09-09,D. LAJOVIC,0.0,0.0,0.0,0.0,0.0,0.0,0.0,0.0,0.0,0.0,0.0,0.0,0.0,0.0
2016,2016-09-09,S. QUERREY,0.0,0.0,0.0,0.0,0.0,0.0,0.0,0.0,0.0,0.0,0.0,0.0,0.0,0.0
2016,2016-09-09,E. DONSKOY,0.0,0.0,0.0,0.0,0.0,0.0,0.0,0.0,0.0,0.0,0.0,0.0,0.0,0.0
2016,2016-09-09,D. SELA,0.0,0.0,0.0,0.0,0.0,0.0,0.0,0.0,0.0,0.0,0.0,0.0,0.0,0.0
2016,2016-09-09,D. SCHWARTZMAN,0.0,0.0,0.0,0.0,0.0,0.0,0.0,0.0,0.0,0.0,0.0,0.0,0.0,0.0
2016,2016-09-09,M. FUCSOVICS,0.0,0.0,0.0,0.0,0.0,0.0,0.0,0.0,0.0,0.0,0.0,0.0,0.0,0.0
2016,2016-09-09,M. MCDONALD,0.0,0.0,0.0,0.0,0.0,0.0,0.0,0.0,0.0,0.0,0.0,0.0,0.0,0.0
2016,2016-09-09,T. GABASHVILI,0.0,0.0,0.0,0.0,0.0,0.0,0.0,0.0,0.0,0.0,0.0,0.0,0.0,0.0
2016,2016-09-09,G. MULLER,0.0,0.0,0.0,0.0,0.0,0.0,0.0,0.0,0.0,0.0,0.0,0.0,0.0,0.0
2016,2016-09-09,L. ROSOL,0.0,0.0,0.0,0.0,0.0,0.0,0.0,0.0,0.0,0.0,0.0,0.0,0.0,0.0
2016,2016-09-09,A. DOLGOPOLOV,0.0,0.0,0.0,0.0,0.0,0.0,0.0,0.0,0.0,0.0,0.0,0.0,0.0,0.0
2016,2016-09-09,G. GARCIA-LOPEZ,0.0,0.0,0.0,0.0,0.0,0.0,0.0,0.0,0.0,0.0,0.0,0.0,0.0,0.0
2016,2016-09-09,A. BEDENE,0.0,0.0,0.0,0.0,0.0,0.0,0.0,0.0,0.0,0.0,0.0,0.0,0.0,0.0
2016,2016-09-09,B. BAKER,0.0,0.0,0.0,0.0,0.0,0.0,0.0,0.0,0.0,0.0,0.0,0.0,0.0,0.0
2016,2016-09-09,F. MAYER,0.0,0.0,0.0,0.0,0.0,0.0,0.0,0.0,0.0,0.0,0.0,0.0,0.0,0.0
2016,2016-09-09,G. CLEZAR,0.0,0.0,0.0,0.0,0.0,0.0,0.0,0.0,0.0,0.0,0.0,0.0,0.0,0.0
2016,2016-09-09,M. KUKUSHKIN,0.0,0.0,0.0,0.0,0.0,0.0,0.0,0.0,0.0,0.0,0.0,0.0,0.0,0.0
2016,2016-09-09,I. DODIG,0.0,0.0,0.0,0.0,0.0,0.0,0.0,0.0,0.0,0.0,0.0,0.0,0.0,0.0
2016,2016-09-09,B. TOMIC,0.0,0.0,0.0,0.0,0.0,0.0,0.0,0.0,0.0,0.0,0.0,0.0,0.0,0.0
2016,2016-09-09,J. BENNETEAU,0.0,0.0,0.0,0.0,0.0,0.0,0.0,0.0,0.0,0.0,0.0,0.0,0.0,0.0
2016,2016-09-09,D. BRANDS,0.0,0.0,0.0,0.0,0.0,0.0,0.0,0.0,0.0,0.0,0.0,0.0,0.0,0.0
2016,2016-09-09,T. BELLUCCI,0.0,0.0,0.0,0.0,0.0,0.0,0.0,0.0,0.0,0.0,0.0,0.0,0.0,0.0
2016,2016-09-09,R. RAM,0.0,0.0,0.0,0.0,0.0,0.0,0.0,0.0,0.0,0.0,0.0,0.0,0.0,0.0
2016,2016-09-09,S. ROBERT,0.0,0.0,0.0,0.0,0.0,0.0,0.0,0.0,0.0,0.0,0.0,0.0,0.0,0.0
2016,2016-09-09,D. ISTOMIN,0.0,0.0,0.0,0.0,0.0,0.0,0.0,0.0,0.0,0.0,0.0,0.0,0.0,0.0
2016,2016-09-09,D. KUDLA,0.0,0.0,0.0,0.0,0.0,0.0,0.0,0.0,0.0,0.0,0.0,0.0,0.0,0.0
2016,2016-09-09,F. VERDASCO,0.0,0.0,0.0,0.0,0.0,0.0,0.0,0.0,0.0,0.0,0.0,0.0,0.0,0.0
2016,2016-09-09,J. MILLMAN,0.0,0.0,0.0,0.0,0.0,0.0,0.0,0.0,0.0,0.0,0.0,0.0,0.0,0.0
2016,2016-09-09,G. ELIAS,0.0,0.0,0.0,0.0,0.0,0.0,0.0,0.0,0.0,0.0,0.0,0.0,0.0,0.0
2016,2016-09-09,J. MONACO,0.0,0.0,0.0,0.0,0.0,0.0,0.0,0.0,0.0,0.0,0.0,0.0,0.0,0.0
2016,2016-09-09,P. HERBERT,0.0,0.0,0.0,0.0,0.0,0.0,0.0,0.0,0.0,0.0,0.0,0.0,0.0,0.0
2016,2016-09-09,B. BECKER,0.0,0.0,0.0,0.0,0.0,0.0,0.0,0.0,0.0,0.0,0.0,0.0,0.0,0.0
2016,2016-09-09,T. FRITZ,0.0,0.0,0.0,0.0,0.0,0.0,0.0,0.0,0.0,0.0,0.0,0.0,0.0,0.0
2016,2016-09-09,T. FABBIANO,0.0,0.0,0.0,0.0,0.0,0.0,0.0,0.0,0.0,0.0,0.0,0.0,0.0,0.0
2016,2016-09-09,C. HARRISON,0.0,0.0,0.0,0.0,0.0,0.0,0.0,0.0,0.0,0.0,0.0,0.0,0.0,0.0
2016,2016-09-09,Y. NISHIOKA,0.0,0.0,0.0,0.0,0.0,0.0,0.0,0.0,0.0,0.0,0.0,0.0,0.0,0.0
2016,2016-09-09,J. KOVALIK,0.0,0.0,0.0,0.0,0.0,0.0,0.0,0.0,0.0,0.0,0.0,0.0,0.0,0.0
2016,2016-09-09,P. KOHLSCHREIBER,0.0,0.0,0.0,0.0,0.0,0.0,0.0,0.0,0.0,0.0,0.0,0.0,0.0,0.0
2016,2016-09-09,R. HAASE,0.0,0.0,0.0,0.0,0.0,0.0,0.0,0.0,0.0,0.0,0.0,0.0,0.0,0.0
2016,2016-09-09,Y. LU,0.0,0.0,0.0,0.0,0.0,0.0,0.0,0.0,0.0,0.0,0.0,0.0,0.0,0.0
2016,2016-09-09,G. ANDREOZZI,0.0,0.0,0.0,0.0,0.0,0.0,0.0,0.0,0.0,0.0,0.0,0.0,0.0,0.0
2016,2016-09-09,J. STRUFF,0.0,0.0,0.0,0.0,0.0,0.0,0.0,0.0,0.0,0.0,0.0,0.0,0.0,0.0
2016,2016-09-09,R. GASQUET,0.0,0.0,0.0,0.0,0.0,0.0,0.0,0.0,0.0,0.0,0.0,0.0,0.0,0.0
2016,2016-09-09,R. ALBOT,0.0,0.0,0.0,0.0,0.0,0.0,0.0,0.0,0.0,0.0,0.0,0.0,0.0,0.0
2016,2016-09-09,D. GOFFIN,0.0,0.0,0.0,0.0,0.0,0.0,0.0,0.0,0.0,0.0,0.0,0.0,0.0,0.0
2016,2016-09-09,L. LACKO,0.0,0.0,0.0,0.0,0.0,0.0,0.0,0.0,0.0,0.0,0.0,0.0,0.0,0.0
2016,2016-09-09,B. CORIC,0.0,0.0,0.0,0.0,0.0,0.0,0.0,0.0,0.0,0.0,0.0,0.0,0.0,0.0
2016,2016-09-09,J. THOMPSON,0.0,0.0,0.0,0.0,0.0,0.0,0.0,0.0,0.0,0.0,0.0,0.0,0.0,0.0
2016,2016-09-09,F. TIAFOE,0.0,0.0,0.0,0.0,0.0,0.0,0.0,0.0,0.0,0.0,0.0,0.0,0.0,0.0
2016,2016-09-09,V. ESTRELLA BURGOS,0.0,0.0,0.0,0.0,0.0,0.0,0.0,0.0,0.0,0.0,0.0,0.0,0.0,0.0
2016,2016-09-09,M. KLIZAN,0.0,0.0,0.0,0.0,0.0,0.0,0.0,0.0,0.0,0.0,0.0,0.0,0.0,0.0
2016,2016-09-09,M. MMOH,0.0,0.0,0.0,0.0,0.0,0.0,0.0,0.0,0.0,0.0,0.0,0.0,0.0,0.0
2016,2016-09-09,I. CERVANTES,0.0,0.0,0.0,0.0,0.0,0.0,0.0,0.0,0.0,0.0,0.0,0.0,0.0,0.0
2016,2016-09-09,B. FRATANGELO,0.0,0.0,0.0,0.0,0.0,0.0,0.0,0.0,0.0,0.0,0.0,0.0,0.0,0.0
2016,2016-09-09,S. MYNENI,0.0,0.0,0.0,0.0,0.0,0.0,0.0,0.0,0.0,0.0,0.0,0.0,0.0,0.0
2016,2016-09-09,R. STEPANEK,0.0,0.0,0.0,0.0,0.0,0.0,0.0,0.0,0.0,0.0,0.0,0.0,0.0,0.0
2016,2016-09-09,J. JANOWICZ,0.0,0.0,0.0,0.0,0.0,0.0,0.0,0.0,0.0,0.0,0.0,0.0,0.0,0.0
2016,2016-09-09,C. BERLOCQ,0.0,0.0,0.0,0.0,0.0,0.0,0.0,0.0,0.0,0.0,0.0,0.0,0.0,0.0
2016,2016-09-07,N. DJOKOVIC,1.0,1.0,1.0,1.0,1.0,1.0,1.0,1.0,1.0,1.0,0.90055,1.0,0.74901,0.0
2016,2016-09-07,K. NISHIKORI,1.0,1.0,1.0,1.0,1.0,1.0,1.0,1.0,1.0,1.0,0.65366,0.0,0.15862,0.0
2016,2016-09-07,S. WAWRINKA,1.0,1.0,1.0,1.0,1.0,1.0,1.0,1.0,1.0,1.0,0.34634,1.0,0.0544,1.0
2016,2016-09-07,G. MONFILS,1.0,1.0,1.0,1.0,1.0,1.0,1.0,1.0,1.0,1.0,0.09945,0.0,0.03798,0.0
2016,2016-09-07,A. MURRAY,1.0,1.0,1.0,1.0,1.0,1.0,1.0,1.0,0.0,0.0,0.0,0.0,0.0,0.0
2016,2016-09-07,J. TSONGA,1.0,1.0,1.0,1.0,1.0,1.0,1.0,1.0,0.0,0.0,0.0,0.0,0.0,0.0
2016,2016-09-07,J. DEL POTRO,1.0,1.0,1.0,1.0,1.0,1.0,1.0,1.0,0.0,0.0,0.0,0.0,0.0,0.0
2016,2016-09-07,L. POUILLE,1.0,1.0,1.0,1.0,1.0,1.0,1.0,1.0,0.0,0.0,0.0,0.0,0.0,0.0
2016,2016-09-07,G. DIMITROV,1.0,1.0,1.0,1.0,1.0,1.0,0.0,0.0,0.0,0.0,0.0,0.0,0.0,0.0
2016,2016-09-07,M. BAGHDATIS,1.0,1.0,1.0,1.0,1.0,1.0,0.0,0.0,0.0,0.0,0.0,0.0,0.0,0.0
2016,2016-09-07,I. MARCHENKO,1.0,1.0,1.0,1.0,1.0,1.0,0.0,0.0,0.0,0.0,0.0,0.0,0.0,0.0
2016,2016-09-07,K. EDMUND,1.0,1.0,1.0,1.0,1.0,1.0,0.0,0.0,0.0,0.0,0.0,0.0,0.0,0.0
2016,2016-09-07,J. SOCK,1.0,1.0,1.0,1.0,1.0,1.0,0.0,0.0,0.0,0.0,0.0,0.0,0.0,0.0
2016,2016-09-07,I. KARLOVIC,1.0,1.0,1.0,1.0,1.0,1.0,0.0,0.0,0.0,0.0,0.0,0.0,0.0,0.0
2016,2016-09-07,R. NADAL,1.0,1.0,1.0,1.0,1.0,1.0,0.0,0.0,0.0,0.0,0.0,0.0,0.0,0.0
2016,2016-09-07,D. THIEM,1.0,1.0,1.0,1.0,1.0,1.0,0.0,0.0,0.0,0.0,0.0,0.0,0.0,0.0
2016,2016-09-07,R. HARRISON,1.0,1.0,1.0,1.0,0.0,0.0,0.0,0.0,0.0,0.0,0.0,0.0,0.0,0.0
2016,2016-09-07,J. DONALDSON,1.0,1.0,1.0,1.0,0.0,0.0,0.0,0.0,0.0,0.0,0.0,0.0,0.0,0.0
2016,2016-09-07,P. CARRENO BUSTA,1.0,1.0,1.0,1.0,0.0,0.0,0.0,0.0,0.0,0.0,0.0,0.0,0.0,0.0
2016,2016-09-07,N. ALMAGRO,1.0,1.0,1.0,1.0,0.0,0.0,0.0,0.0,0.0,0.0,0.0,0.0,0.0,0.0
2016,2016-09-07,R. BAUTISTA AGUT,1.0,1.0,1.0,1.0,0.0,0.0,0.0,0.0,0.0,0.0,0.0,0.0,0.0,0.0
2016,2016-09-07,D. FERRER,1.0,1.0,1.0,1.0,0.0,0.0,0.0,0.0,0.0,0.0,0.0,0.0,0.0,0.0
2016,2016-09-07,N. KYRGIOS,1.0,1.0,1.0,1.0,0.0,0.0,0.0,0.0,0.0,0.0,0.0,0.0,0.0,0.0
2016,2016-09-07,J. ISNER,1.0,1.0,1.0,1.0,0.0,0.0,0.0,0.0,0.0,0.0,0.0,0.0,0.0,0.0
2016,2016-09-07,A. KUZNETSOV,1.0,1.0,1.0,1.0,0.0,0.0,0.0,0.0,0.0,0.0,0.0,0.0,0.0,0.0
2016,2016-09-07,N. MAHUT,1.0,1.0,1.0,1.0,0.0,0.0,0.0,0.0,0.0,0.0,0.0,0.0,0.0,0.0
2016,2016-09-07,D. EVANS,1.0,1.0,1.0,1.0,0.0,0.0,0.0,0.0,0.0,0.0,0.0,0.0,0.0,0.0
2016,2016-09-07,K. ANDERSON,1.0,1.0,1.0,1.0,0.0,0.0,0.0,0.0,0.0,0.0,0.0,0.0,0.0,0.0
2016,2016-09-07,J. SOUSA,1.0,1.0,1.0,1.0,0.0,0.0,0.0,0.0,0.0,0.0,0.0,0.0,0.0,0.0
2016,2016-09-07,P. LORENZI,1.0,1.0,1.0,1.0,0.0,0.0,0.0,0.0,0.0,0.0,0.0,0.0,0.0,0.0
2016,2016-09-07,M. YOUZHNY,1.0,1.0,1.0,1.0,0.0,0.0,0.0,0.0,0.0,0.0,0.0,0.0,0.0,0.0
2016,2016-09-07,M. CILIC,1.0,1.0,1.0,1.0,0.0,0.0,0.0,0.0,0.0,0.0,0.0,0.0,0.0,0.0
2016,2016-09-07,A. ZVEREV,1.0,1.0,0.0,0.0,0.0,0.0,0.0,0.0,0.0,0.0,0.0,0.0,0.0,0.0
2016,2016-09-07,M. GRANOLLERS,1.0,1.0,0.0,0.0,0.0,0.0,0.0,0.0,0.0,0.0,0.0,0.0,0.0,0.0
2016,2016-09-07,M. ZVEREV,1.0,1.0,0.0,0.0,0.0,0.0,0.0,0.0,0.0,0.0,0.0,0.0,0.0,0.0
2016,2016-09-07,K. KHACHANOV,1.0,1.0,0.0,0.0,0.0,0.0,0.0,0.0,0.0,0.0,0.0,0.0,0.0,0.0
2016,2016-09-07,A. SEPPI,1.0,1.0,0.0,0.0,0.0,0.0,0.0,0.0,0.0,0.0,0.0,0.0,0.0,0.0
2016,2016-09-07,P. MATHIEU,1.0,1.0,0.0,0.0,0.0,0.0,0.0,0.0,0.0,0.0,0.0,0.0,0.0,0.0
2016,2016-09-07,V. POSPISIL,1.0,1.0,0.0,0.0,0.0,0.0,0.0,0.0,0.0,0.0,0.0,0.0,0.0,0.0
2016,2016-09-07,S. STAKHOVSKY,1.0,1.0,0.0,0.0,0.0,0.0,0.0,0.0,0.0,0.0,0.0,0.0,0.0,0.0
2016,2016-09-07,A. RAMOS-VINOLAS,1.0,1.0,0.0,0.0,0.0,0.0,0.0,0.0,0.0,0.0,0.0,0.0,0.0,0.0
2016,2016-09-07,D. DZUMHUR,1.0,1.0,0.0,0.0,0.0,0.0,0.0,0.0,0.0,0.0,0.0,0.0,0.0,0.0
2016,2016-09-07,J. CHARDY,1.0,1.0,0.0,0.0,0.0,0.0,0.0,0.0,0.0,0.0,0.0,0.0,0.0,0.0
2016,2016-09-07,G. PELLA,1.0,1.0,0.0,0.0,0.0,0.0,0.0,0.0,0.0,0.0,0.0,0.0,0.0,0.0
2016,2016-09-07,M. CHIUDINELLI,1.0,1.0,0.0,0.0,0.0,0.0,0.0,0.0,0.0,0.0,0.0,0.0,0.0,0.0
2016,2016-09-07,H. ZEBALLOS,1.0,1.0,0.0,0.0,0.0,0.0,0.0,0.0,0.0,0.0,0.0,0.0,0.0,0.0
2016,2016-09-07,F. DELBONIS,1.0,1.0,0.0,0.0,0.0,0.0,0.0,0.0,0.0,0.0,0.0,0.0,0.0,0.0
2016,2016-09-07,J. DUCKWORTH,1.0,1.0,0.0,0.0,0.0,0.0,0.0,0.0,0.0,0.0,0.0,0.0,0.0,0.0
2016,2016-09-07,D. YOUNG,1.0,1.0,0.0,0.0,0.0,0.0,0.0,0.0,0.0,0.0,0.0,0.0,0.0,0.0
2016,2016-09-07,S. DARCIS,1.0,1.0,0.0,0.0,0.0,0.0,0.0,0.0,0.0,0.0,0.0,0.0,0.0,0.0
2016,2016-09-07,F. FOGNINI,1.0,1.0,0.0,0.0,0.0,0.0,0.0,0.0,0.0,0.0,0.0,0.0,0.0,0.0
2016,2016-09-07,J. SATRAL,1.0,1.0,0.0,0.0,0.0,0.0,0.0,0.0,0.0,0.0,0.0,0.0,0.0,0.0
2016,2016-09-07,V. TROICKI,1.0,1.0,0.0,0.0,0.0,0.0,0.0,0.0,0.0,0.0,0.0,0.0,0.0,0.0
2016,2016-09-07,G. SIMON,1.0,1.0,0.0,0.0,0.0,0.0,0.0,0.0,0.0,0.0,0.0,0.0,0.0,0.0
2016,2016-09-07,P. CUEVAS,1.0,1.0,0.0,0.0,0.0,0.0,0.0,0.0,0.0,0.0,0.0,0.0,0.0,0.0
2016,2016-09-07,S. JOHNSON,1.0,1.0,0.0,0.0,0.0,0.0,0.0,0.0,0.0,0.0,0.0,0.0,0.0,0.0
2016,2016-09-07,B. PAIRE,1.0,1.0,0.0,0.0,0.0,0.0,0.0,0.0,0.0,0.0,0.0,0.0,0.0,0.0
2016,2016-09-07,J. TIPSAREVIC,1.0,1.0,0.0,0.0,0.0,0.0,0.0,0.0,0.0,0.0,0.0,0.0,0.0,0.0
2016,2016-09-07,J. VESELY,1.0,1.0,0.0,0.0,0.0,0.0,0.0,0.0,0.0,0.0,0.0,0.0,0.0,0.0
2016,2016-09-07,F. LOPEZ,1.0,1.0,0.0,0.0,0.0,0.0,0.0,0.0,0.0,0.0,0.0,0.0,0.0,0.0
2016,2016-09-07,E. ESCOBEDO,1.0,1.0,0.0,0.0,0.0,0.0,0.0,0.0,0.0,0.0,0.0,0.0,0.0,0.0
2016,2016-09-07,R. BERANKIS,1.0,1.0,0.0,0.0,0.0,0.0,0.0,0.0,0.0,0.0,0.0,0.0,0.0,0.0
2016,2016-09-07,M. RAONIC,1.0,1.0,0.0,0.0,0.0,0.0,0.0,0.0,0.0,0.0,0.0,0.0,0.0,0.0
2016,2016-09-07,A. GIANNESSI,1.0,1.0,0.0,0.0,0.0,0.0,0.0,0.0,0.0,0.0,0.0,0.0,0.0,0.0
2016,2016-09-07,R. DUTRA SILVA,0.0,0.0,0.0,0.0,0.0,0.0,0.0,0.0,0.0,0.0,0.0,0.0,0.0,0.0
2016,2016-09-07,D. BROWN,0.0,0.0,0.0,0.0,0.0,0.0,0.0,0.0,0.0,0.0,0.0,0.0,0.0,0.0
2016,2016-09-07,M. JAZIRI,0.0,0.0,0.0,0.0,0.0,0.0,0.0,0.0,0.0,0.0,0.0,0.0,0.0,0.0
2016,2016-09-07,A. MANNARINO,0.0,0.0,0.0,0.0,0.0,0.0,0.0,0.0,0.0,0.0,0.0,0.0,0.0,0.0
2016,2016-09-07,F. BAGNIS,0.0,0.0,0.0,0.0,0.0,0.0,0.0,0.0,0.0,0.0,0.0,0.0,0.0,0.0
2016,2016-09-07,I. IVASHKA,0.0,0.0,0.0,0.0,0.0,0.0,0.0,0.0,0.0,0.0,0.0,0.0,0.0,0.0
2016,2016-09-07,D. LAJOVIC,0.0,0.0,0.0,0.0,0.0,0.0,0.0,0.0,0.0,0.0,0.0,0.0,0.0,0.0
2016,2016-09-07,S. QUERREY,0.0,0.0,0.0,0.0,0.0,0.0,0.0,0.0,0.0,0.0,0.0,0.0,0.0,0.0
2016,2016-09-07,E. DONSKOY,0.0,0.0,0.0,0.0,0.0,0.0,0.0,0.0,0.0,0.0,0.0,0.0,0.0,0.0
2016,2016-09-07,D. SELA,0.0,0.0,0.0,0.0,0.0,0.0,0.0,0.0,0.0,0.0,0.0,0.0,0.0,0.0
2016,2016-09-07,D. SCHWARTZMAN,0.0,0.0,0.0,0.0,0.0,0.0,0.0,0.0,0.0,0.0,0.0,0.0,0.0,0.0
2016,2016-09-07,M. FUCSOVICS,0.0,0.0,0.0,0.0,0.0,0.0,0.0,0.0,0.0,0.0,0.0,0.0,0.0,0.0
2016,2016-09-07,M. MCDONALD,0.0,0.0,0.0,0.0,0.0,0.0,0.0,0.0,0.0,0.0,0.0,0.0,0.0,0.0
2016,2016-09-07,T. GABASHVILI,0.0,0.0,0.0,0.0,0.0,0.0,0.0,0.0,0.0,0.0,0.0,0.0,0.0,0.0
2016,2016-09-07,G. MULLER,0.0,0.0,0.0,0.0,0.0,0.0,0.0,0.0,0.0,0.0,0.0,0.0,0.0,0.0
2016,2016-09-07,L. ROSOL,0.0,0.0,0.0,0.0,0.0,0.0,0.0,0.0,0.0,0.0,0.0,0.0,0.0,0.0
2016,2016-09-07,A. DOLGOPOLOV,0.0,0.0,0.0,0.0,0.0,0.0,0.0,0.0,0.0,0.0,0.0,0.0,0.0,0.0
2016,2016-09-07,G. GARCIA-LOPEZ,0.0,0.0,0.0,0.0,0.0,0.0,0.0,0.0,0.0,0.0,0.0,0.0,0.0,0.0
2016,2016-09-07,A. BEDENE,0.0,0.0,0.0,0.0,0.0,0.0,0.0,0.0,0.0,0.0,0.0,0.0,0.0,0.0
2016,2016-09-07,B. BAKER,0.0,0.0,0.0,0.0,0.0,0.0,0.0,0.0,0.0,0.0,0.0,0.0,0.0,0.0
2016,2016-09-07,F. MAYER,0.0,0.0,0.0,0.0,0.0,0.0,0.0,0.0,0.0,0.0,0.0,0.0,0.0,0.0
2016,2016-09-07,G. CLEZAR,0.0,0.0,0.0,0.0,0.0,0.0,0.0,0.0,0.0,0.0,0.0,0.0,0.0,0.0
2016,2016-09-07,M. KUKUSHKIN,0.0,0.0,0.0,0.0,0.0,0.0,0.0,0.0,0.0,0.0,0.0,0.0,0.0,0.0
2016,2016-09-07,I. DODIG,0.0,0.0,0.0,0.0,0.0,0.0,0.0,0.0,0.0,0.0,0.0,0.0,0.0,0.0
2016,2016-09-07,B. TOMIC,0.0,0.0,0.0,0.0,0.0,0.0,0.0,0.0,0.0,0.0,0.0,0.0,0.0,0.0
2016,2016-09-07,J. BENNETEAU,0.0,0.0,0.0,0.0,0.0,0.0,0.0,0.0,0.0,0.0,0.0,0.0,0.0,0.0
2016,2016-09-07,D. BRANDS,0.0,0.0,0.0,0.0,0.0,0.0,0.0,0.0,0.0,0.0,0.0,0.0,0.0,0.0
2016,2016-09-07,T. BELLUCCI,0.0,0.0,0.0,0.0,0.0,0.0,0.0,0.0,0.0,0.0,0.0,0.0,0.0,0.0
2016,2016-09-07,R. RAM,0.0,0.0,0.0,0.0,0.0,0.0,0.0,0.0,0.0,0.0,0.0,0.0,0.0,0.0
2016,2016-09-07,S. ROBERT,0.0,0.0,0.0,0.0,0.0,0.0,0.0,0.0,0.0,0.0,0.0,0.0,0.0,0.0
2016,2016-09-07,D. ISTOMIN,0.0,0.0,0.0,0.0,0.0,0.0,0.0,0.0,0.0,0.0,0.0,0.0,0.0,0.0
2016,2016-09-07,D. KUDLA,0.0,0.0,0.0,0.0,0.0,0.0,0.0,0.0,0.0,0.0,0.0,0.0,0.0,0.0
2016,2016-09-07,F. VERDASCO,0.0,0.0,0.0,0.0,0.0,0.0,0.0,0.0,0.0,0.0,0.0,0.0,0.0,0.0
2016,2016-09-07,J. MILLMAN,0.0,0.0,0.0,0.0,0.0,0.0,0.0,0.0,0.0,0.0,0.0,0.0,0.0,0.0
2016,2016-09-07,G. ELIAS,0.0,0.0,0.0,0.0,0.0,0.0,0.0,0.0,0.0,0.0,0.0,0.0,0.0,0.0
2016,2016-09-07,J. MONACO,0.0,0.0,0.0,0.0,0.0,0.0,0.0,0.0,0.0,0.0,0.0,0.0,0.0,0.0
2016,2016-09-07,P. HERBERT,0.0,0.0,0.0,0.0,0.0,0.0,0.0,0.0,0.0,0.0,0.0,0.0,0.0,0.0
2016,2016-09-07,B. BECKER,0.0,0.0,0.0,0.0,0.0,0.0,0.0,0.0,0.0,0.0,0.0,0.0,0.0,0.0
2016,2016-09-07,T. FRITZ,0.0,0.0,0.0,0.0,0.0,0.0,0.0,0.0,0.0,0.0,0.0,0.0,0.0,0.0
2016,2016-09-07,T. FABBIANO,0.0,0.0,0.0,0.0,0.0,0.0,0.0,0.0,0.0,0.0,0.0,0.0,0.0,0.0
2016,2016-09-07,C. HARRISON,0.0,0.0,0.0,0.0,0.0,0.0,0.0,0.0,0.0,0.0,0.0,0.0,0.0,0.0
2016,2016-09-07,Y. NISHIOKA,0.0,0.0,0.0,0.0,0.0,0.0,0.0,0.0,0.0,0.0,0.0,0.0,0.0,0.0
2016,2016-09-07,J. KOVALIK,0.0,0.0,0.0,0.0,0.0,0.0,0.0,0.0,0.0,0.0,0.0,0.0,0.0,0.0
2016,2016-09-07,P. KOHLSCHREIBER,0.0,0.0,0.0,0.0,0.0,0.0,0.0,0.0,0.0,0.0,0.0,0.0,0.0,0.0
2016,2016-09-07,R. HAASE,0.0,0.0,0.0,0.0,0.0,0.0,0.0,0.0,0.0,0.0,0.0,0.0,0.0,0.0
2016,2016-09-07,Y. LU,0.0,0.0,0.0,0.0,0.0,0.0,0.0,0.0,0.0,0.0,0.0,0.0,0.0,0.0
2016,2016-09-07,G. ANDREOZZI,0.0,0.0,0.0,0.0,0.0,0.0,0.0,0.0,0.0,0.0,0.0,0.0,0.0,0.0
2016,2016-09-07,J. STRUFF,0.0,0.0,0.0,0.0,0.0,0.0,0.0,0.0,0.0,0.0,0.0,0.0,0.0,0.0
2016,2016-09-07,R. GASQUET,0.0,0.0,0.0,0.0,0.0,0.0,0.0,0.0,0.0,0.0,0.0,0.0,0.0,0.0
2016,2016-09-07,R. ALBOT,0.0,0.0,0.0,0.0,0.0,0.0,0.0,0.0,0.0,0.0,0.0,0.0,0.0,0.0
2016,2016-09-07,D. GOFFIN,0.0,0.0,0.0,0.0,0.0,0.0,0.0,0.0,0.0,0.0,0.0,0.0,0.0,0.0
2016,2016-09-07,L. LACKO,0.0,0.0,0.0,0.0,0.0,0.0,0.0,0.0,0.0,0.0,0.0,0.0,0.0,0.0
2016,2016-09-07,B. CORIC,0.0,0.0,0.0,0.0,0.0,0.0,0.0,0.0,0.0,0.0,0.0,0.0,0.0,0.0
2016,2016-09-07,J. THOMPSON,0.0,0.0,0.0,0.0,0.0,0.0,0.0,0.0,0.0,0.0,0.0,0.0,0.0,0.0
2016,2016-09-07,F. TIAFOE,0.0,0.0,0.0,0.0,0.0,0.0,0.0,0.0,0.0,0.0,0.0,0.0,0.0,0.0
2016,2016-09-07,V. ESTRELLA BURGOS,0.0,0.0,0.0,0.0,0.0,0.0,0.0,0.0,0.0,0.0,0.0,0.0,0.0,0.0
2016,2016-09-07,M. KLIZAN,0.0,0.0,0.0,0.0,0.0,0.0,0.0,0.0,0.0,0.0,0.0,0.0,0.0,0.0
2016,2016-09-07,M. MMOH,0.0,0.0,0.0,0.0,0.0,0.0,0.0,0.0,0.0,0.0,0.0,0.0,0.0,0.0
2016,2016-09-07,I. CERVANTES,0.0,0.0,0.0,0.0,0.0,0.0,0.0,0.0,0.0,0.0,0.0,0.0,0.0,0.0
2016,2016-09-07,B. FRATANGELO,0.0,0.0,0.0,0.0,0.0,0.0,0.0,0.0,0.0,0.0,0.0,0.0,0.0,0.0
2016,2016-09-07,S. MYNENI,0.0,0.0,0.0,0.0,0.0,0.0,0.0,0.0,0.0,0.0,0.0,0.0,0.0,0.0
2016,2016-09-07,R. STEPANEK,0.0,0.0,0.0,0.0,0.0,0.0,0.0,0.0,0.0,0.0,0.0,0.0,0.0,0.0
2016,2016-09-07,J. JANOWICZ,0.0,0.0,0.0,0.0,0.0,0.0,0.0,0.0,0.0,0.0,0.0,0.0,0.0,0.0
2016,2016-09-07,C. BERLOCQ,0.0,0.0,0.0,0.0,0.0,0.0,0.0,0.0,0.0,0.0,0.0,0.0,0.0,0.0
2016,2016-09-05,N. DJOKOVIC,1.0,1.0,1.0,1.0,1.0,1.0,1.0,1.0,0.92171,1.0,0.84404,1.0,0.65956,0.0
2016,2016-09-05,A. MURRAY,1.0,1.0,1.0,1.0,1.0,1.0,1.0,1.0,0.63873,0.0,0.47425,0.0,0.17323,0.0
2016,2016-09-05,K. NISHIKORI,1.0,1.0,1.0,1.0,1.0,1.0,1.0,1.0,0.36127,1.0,0.22768,0.0,0.06219,0.0
2016,2016-09-05,J. DEL POTRO,1.0,1.0,1.0,1.0,1.0,1.0,1.0,1.0,0.54632,0.0,0.17217,0.0,0.03622,0.0
2016,2016-09-05,G. MONFILS,1.0,1.0,1.0,1.0,1.0,1.0,1.0,1.0,0.70785,1.0,0.09432,0.0,0.02993,0.0
2016,2016-09-05,S. WAWRINKA,1.0,1.0,1.0,1.0,1.0,1.0,1.0,1.0,0.45368,1.0,0.1259,1.0,0.02336,1.0
2016,2016-09-05,J. TSONGA,1.0,1.0,1.0,1.0,1.0,1.0,1.0,1.0,0.07829,0.0,0.04021,0.0,0.01115,0.0
2016,2016-09-05,L. POUILLE,1.0,1.0,1.0,1.0,1.0,1.0,1.0,1.0,0.29215,0.0,0.02143,0.0,0.00436,0.0
2016,2016-09-05,J. SOCK,1.0,1.0,1.0,1.0,1.0,1.0,0.0,0.0,0.0,0.0,0.0,0.0,0.0,0.0
2016,2016-09-05,K. EDMUND,1.0,1.0,1.0,1.0,1.0,1.0,0.0,0.0,0.0,0.0,0.0,0.0,0.0,0.0
2016,2016-09-05,G. DIMITROV,1.0,1.0,1.0,1.0,1.0,1.0,0.0,0.0,0.0,0.0,0.0,0.0,0.0,0.0
2016,2016-09-05,I. MARCHENKO,1.0,1.0,1.0,1.0,1.0,1.0,0.0,0.0,0.0,0.0,0.0,0.0,0.0,0.0
2016,2016-09-05,I. KARLOVIC,1.0,1.0,1.0,1.0,1.0,1.0,0.0,0.0,0.0,0.0,0.0,0.0,0.0,0.0
2016,2016-09-05,D. THIEM,1.0,1.0,1.0,1.0,1.0,1.0,0.0,0.0,0.0,0.0,0.0,0.0,0.0,0.0
2016,2016-09-05,R. NADAL,1.0,1.0,1.0,1.0,1.0,1.0,0.0,0.0,0.0,0.0,0.0,0.0,0.0,0.0
2016,2016-09-05,M. BAGHDATIS,1.0,1.0,1.0,1.0,1.0,1.0,0.0,0.0,0.0,0.0,0.0,0.0,0.0,0.0
2016,2016-09-05,N. ALMAGRO,1.0,1.0,1.0,1.0,0.0,0.0,0.0,0.0,0.0,0.0,0.0,0.0,0.0,0.0
2016,2016-09-05,J. DONALDSON,1.0,1.0,1.0,1.0,0.0,0.0,0.0,0.0,0.0,0.0,0.0,0.0,0.0,0.0
2016,2016-09-05,P. LORENZI,1.0,1.0,1.0,1.0,0.0,0.0,0.0,0.0,0.0,0.0,0.0,0.0,0.0,0.0
2016,2016-09-05,R. BAUTISTA AGUT,1.0,1.0,1.0,1.0,0.0,0.0,0.0,0.0,0.0,0.0,0.0,0.0,0.0,0.0
2016,2016-09-05,R. HARRISON,1.0,1.0,1.0,1.0,0.0,0.0,0.0,0.0,0.0,0.0,0.0,0.0,0.0,0.0
2016,2016-09-05,A. KUZNETSOV,1.0,1.0,1.0,1.0,0.0,0.0,0.0,0.0,0.0,0.0,0.0,0.0,0.0,0.0
2016,2016-09-05,P. CARRENO BUSTA,1.0,1.0,1.0,1.0,0.0,0.0,0.0,0.0,0.0,0.0,0.0,0.0,0.0,0.0
2016,2016-09-05,J. SOUSA,1.0,1.0,1.0,1.0,0.0,0.0,0.0,0.0,0.0,0.0,0.0,0.0,0.0,0.0
2016,2016-09-05,M. YOUZHNY,1.0,1.0,1.0,1.0,0.0,0.0,0.0,0.0,0.0,0.0,0.0,0.0,0.0,0.0
2016,2016-09-05,N. MAHUT,1.0,1.0,1.0,1.0,0.0,0.0,0.0,0.0,0.0,0.0,0.0,0.0,0.0,0.0
2016,2016-09-05,D. FERRER,1.0,1.0,1.0,1.0,0.0,0.0,0.0,0.0,0.0,0.0,0.0,0.0,0.0,0.0
2016,2016-09-05,N. KYRGIOS,1.0,1.0,1.0,1.0,0.0,0.0,0.0,0.0,0.0,0.0,0.0,0.0,0.0,0.0
2016,2016-09-05,M. CILIC,1.0,1.0,1.0,1.0,0.0,0.0,0.0,0.0,0.0,0.0,0.0,0.0,0.0,0.0
2016,2016-09-05,D. EVANS,1.0,1.0,1.0,1.0,0.0,0.0,0.0,0.0,0.0,0.0,0.0,0.0,0.0,0.0
2016,2016-09-05,K. ANDERSON,1.0,1.0,1.0,1.0,0.0,0.0,0.0,0.0,0.0,0.0,0.0,0.0,0.0,0.0
2016,2016-09-05,J. ISNER,1.0,1.0,1.0,1.0,0.0,0.0,0.0,0.0,0.0,0.0,0.0,0.0,0.0,0.0
2016,2016-09-05,M. RAONIC,1.0,1.0,0.0,0.0,0.0,0.0,0.0,0.0,0.0,0.0,0.0,0.0,0.0,0.0
2016,2016-09-05,J. TIPSAREVIC,1.0,1.0,0.0,0.0,0.0,0.0,0.0,0.0,0.0,0.0,0.0,0.0,0.0,0.0
2016,2016-09-05,A. GIANNESSI,1.0,1.0,0.0,0.0,0.0,0.0,0.0,0.0,0.0,0.0,0.0,0.0,0.0,0.0
2016,2016-09-05,J. VESELY,1.0,1.0,0.0,0.0,0.0,0.0,0.0,0.0,0.0,0.0,0.0,0.0,0.0,0.0
2016,2016-09-05,G. PELLA,1.0,1.0,0.0,0.0,0.0,0.0,0.0,0.0,0.0,0.0,0.0,0.0,0.0,0.0
2016,2016-09-05,K. KHACHANOV,1.0,1.0,0.0,0.0,0.0,0.0,0.0,0.0,0.0,0.0,0.0,0.0,0.0,0.0
2016,2016-09-05,M. GRANOLLERS,1.0,1.0,0.0,0.0,0.0,0.0,0.0,0.0,0.0,0.0,0.0,0.0,0.0,0.0
2016,2016-09-05,A. ZVEREV,1.0,1.0,0.0,0.0,0.0,0.0,0.0,0.0,0.0,0.0,0.0,0.0,0.0,0.0
2016,2016-09-05,S. DARCIS,1.0,1.0,0.0,0.0,0.0,0.0,0.0,0.0,0.0,0.0,0.0,0.0,0.0,0.0
2016,2016-09-05,D. DZUMHUR,1.0,1.0,0.0,0.0,0.0,0.0,0.0,0.0,0.0,0.0,0.0,0.0,0.0,0.0
2016,2016-09-05,E. ESCOBEDO,1.0,1.0,0.0,0.0,0.0,0.0,0.0,0.0,0.0,0.0,0.0,0.0,0.0,0.0
2016,2016-09-05,G. SIMON,1.0,1.0,0.0,0.0,0.0,0.0,0.0,0.0,0.0,0.0,0.0,0.0,0.0,0.0
2016,2016-09-05,J. DUCKWORTH,1.0,1.0,0.0,0.0,0.0,0.0,0.0,0.0,0.0,0.0,0.0,0.0,0.0,0.0
2016,2016-09-05,H. ZEBALLOS,1.0,1.0,0.0,0.0,0.0,0.0,0.0,0.0,0.0,0.0,0.0,0.0,0.0,0.0
2016,2016-09-05,V. POSPISIL,1.0,1.0,0.0,0.0,0.0,0.0,0.0,0.0,0.0,0.0,0.0,0.0,0.0,0.0
2016,2016-09-05,J. CHARDY,1.0,1.0,0.0,0.0,0.0,0.0,0.0,0.0,0.0,0.0,0.0,0.0,0.0,0.0
2016,2016-09-05,P. MATHIEU,1.0,1.0,0.0,0.0,0.0,0.0,0.0,0.0,0.0,0.0,0.0,0.0,0.0,0.0
2016,2016-09-05,M. ZVEREV,1.0,1.0,0.0,0.0,0.0,0.0,0.0,0.0,0.0,0.0,0.0,0.0,0.0,0.0
2016,2016-09-05,F. FOGNINI,1.0,1.0,0.0,0.0,0.0,0.0,0.0,0.0,0.0,0.0,0.0,0.0,0.0,0.0
2016,2016-09-05,S. STAKHOVSKY,1.0,1.0,0.0,0.0,0.0,0.0,0.0,0.0,0.0,0.0,0.0,0.0,0.0,0.0
2016,2016-09-05,A. SEPPI,1.0,1.0,0.0,0.0,0.0,0.0,0.0,0.0,0.0,0.0,0.0,0.0,0.0,0.0
2016,2016-09-05,A. RAMOS-VINOLAS,1.0,1.0,0.0,0.0,0.0,0.0,0.0,0.0,0.0,0.0,0.0,0.0,0.0,0.0
2016,2016-09-05,M. CHIUDINELLI,1.0,1.0,0.0,0.0,0.0,0.0,0.0,0.0,0.0,0.0,0.0,0.0,0.0,0.0
2016,2016-09-05,S. JOHNSON,1.0,1.0,0.0,0.0,0.0,0.0,0.0,0.0,0.0,0.0,0.0,0.0,0.0,0.0
2016,2016-09-05,F. DELBONIS,1.0,1.0,0.0,0.0,0.0,0.0,0.0,0.0,0.0,0.0,0.0,0.0,0.0,0.0
2016,2016-09-05,F. LOPEZ,1.0,1.0,0.0,0.0,0.0,0.0,0.0,0.0,0.0,0.0,0.0,0.0,0.0,0.0
2016,2016-09-05,J. SATRAL,1.0,1.0,0.0,0.0,0.0,0.0,0.0,0.0,0.0,0.0,0.0,0.0,0.0,0.0
2016,2016-09-05,P. CUEVAS,1.0,1.0,0.0,0.0,0.0,0.0,0.0,0.0,0.0,0.0,0.0,0.0,0.0,0.0
2016,2016-09-05,B. PAIRE,1.0,1.0,0.0,0.0,0.0,0.0,0.0,0.0,0.0,0.0,0.0,0.0,0.0,0.0
2016,2016-09-05,R. BERANKIS,1.0,1.0,0.0,0.0,0.0,0.0,0.0,0.0,0.0,0.0,0.0,0.0,0.0,0.0
2016,2016-09-05,V. TROICKI,1.0,1.0,0.0,0.0,0.0,0.0,0.0,0.0,0.0,0.0,0.0,0.0,0.0,0.0
2016,2016-09-05,D. YOUNG,1.0,1.0,0.0,0.0,0.0,0.0,0.0,0.0,0.0,0.0,0.0,0.0,0.0,0.0
2016,2016-09-05,F. VERDASCO,0.0,0.0,0.0,0.0,0.0,0.0,0.0,0.0,0.0,0.0,0.0,0.0,0.0,0.0
2016,2016-09-05,D. BROWN,0.0,0.0,0.0,0.0,0.0,0.0,0.0,0.0,0.0,0.0,0.0,0.0,0.0,0.0
2016,2016-09-05,J. STRUFF,0.0,0.0,0.0,0.0,0.0,0.0,0.0,0.0,0.0,0.0,0.0,0.0,0.0,0.0
2016,2016-09-05,A. MANNARINO,0.0,0.0,0.0,0.0,0.0,0.0,0.0,0.0,0.0,0.0,0.0,0.0,0.0,0.0
2016,2016-09-05,F. BAGNIS,0.0,0.0,0.0,0.0,0.0,0.0,0.0,0.0,0.0,0.0,0.0,0.0,0.0,0.0
2016,2016-09-05,J. MILLMAN,0.0,0.0,0.0,0.0,0.0,0.0,0.0,0.0,0.0,0.0,0.0,0.0,0.0,0.0
2016,2016-09-05,D. LAJOVIC,0.0,0.0,0.0,0.0,0.0,0.0,0.0,0.0,0.0,0.0,0.0,0.0,0.0,0.0
2016,2016-09-05,M. JAZIRI,0.0,0.0,0.0,0.0,0.0,0.0,0.0,0.0,0.0,0.0,0.0,0.0,0.0,0.0
2016,2016-09-05,Y. LU,0.0,0.0,0.0,0.0,0.0,0.0,0.0,0.0,0.0,0.0,0.0,0.0,0.0,0.0
2016,2016-09-05,D. SELA,0.0,0.0,0.0,0.0,0.0,0.0,0.0,0.0,0.0,0.0,0.0,0.0,0.0,0.0
2016,2016-09-05,R. ALBOT,0.0,0.0,0.0,0.0,0.0,0.0,0.0,0.0,0.0,0.0,0.0,0.0,0.0,0.0
2016,2016-09-05,M. FUCSOVICS,0.0,0.0,0.0,0.0,0.0,0.0,0.0,0.0,0.0,0.0,0.0,0.0,0.0,0.0
2016,2016-09-05,M. MCDONALD,0.0,0.0,0.0,0.0,0.0,0.0,0.0,0.0,0.0,0.0,0.0,0.0,0.0,0.0
2016,2016-09-05,I. IVASHKA,0.0,0.0,0.0,0.0,0.0,0.0,0.0,0.0,0.0,0.0,0.0,0.0,0.0,0.0
2016,2016-09-05,G. MULLER,0.0,0.0,0.0,0.0,0.0,0.0,0.0,0.0,0.0,0.0,0.0,0.0,0.0,0.0
2016,2016-09-05,D. GOFFIN,0.0,0.0,0.0,0.0,0.0,0.0,0.0,0.0,0.0,0.0,0.0,0.0,0.0,0.0
2016,2016-09-05,B. BECKER,0.0,0.0,0.0,0.0,0.0,0.0,0.0,0.0,0.0,0.0,0.0,0.0,0.0,0.0
2016,2016-09-05,G. GARCIA-LOPEZ,0.0,0.0,0.0,0.0,0.0,0.0,0.0,0.0,0.0,0.0,0.0,0.0,0.0,0.0
2016,2016-09-05,S. QUERREY,0.0,0.0,0.0,0.0,0.0,0.0,0.0,0.0,0.0,0.0,0.0,0.0,0.0,0.0
2016,2016-09-05,B. BAKER,0.0,0.0,0.0,0.0,0.0,0.0,0.0,0.0,0.0,0.0,0.0,0.0,0.0,0.0
2016,2016-09-05,E. DONSKOY,0.0,0.0,0.0,0.0,0.0,0.0,0.0,0.0,0.0,0.0,0.0,0.0,0.0,0.0
2016,2016-09-05,G. CLEZAR,0.0,0.0,0.0,0.0,0.0,0.0,0.0,0.0,0.0,0.0,0.0,0.0,0.0,0.0
2016,2016-09-05,M. KUKUSHKIN,0.0,0.0,0.0,0.0,0.0,0.0,0.0,0.0,0.0,0.0,0.0,0.0,0.0,0.0
2016,2016-09-05,B. CORIC,0.0,0.0,0.0,0.0,0.0,0.0,0.0,0.0,0.0,0.0,0.0,0.0,0.0,0.0
2016,2016-09-05,P. KOHLSCHREIBER,0.0,0.0,0.0,0.0,0.0,0.0,0.0,0.0,0.0,0.0,0.0,0.0,0.0,0.0
2016,2016-09-05,J. BENNETEAU,0.0,0.0,0.0,0.0,0.0,0.0,0.0,0.0,0.0,0.0,0.0,0.0,0.0,0.0
2016,2016-09-05,V. ESTRELLA BURGOS,0.0,0.0,0.0,0.0,0.0,0.0,0.0,0.0,0.0,0.0,0.0,0.0,0.0,0.0
2016,2016-09-05,T. BELLUCCI,0.0,0.0,0.0,0.0,0.0,0.0,0.0,0.0,0.0,0.0,0.0,0.0,0.0,0.0
2016,2016-09-05,D. SCHWARTZMAN,0.0,0.0,0.0,0.0,0.0,0.0,0.0,0.0,0.0,0.0,0.0,0.0,0.0,0.0
2016,2016-09-05,S. ROBERT,0.0,0.0,0.0,0.0,0.0,0.0,0.0,0.0,0.0,0.0,0.0,0.0,0.0,0.0
2016,2016-09-05,D. ISTOMIN,0.0,0.0,0.0,0.0,0.0,0.0,0.0,0.0,0.0,0.0,0.0,0.0,0.0,0.0
2016,2016-09-05,L. ROSOL,0.0,0.0,0.0,0.0,0.0,0.0,0.0,0.0,0.0,0.0,0.0,0.0,0.0,0.0
2016,2016-09-05,M. MMOH,0.0,0.0,0.0,0.0,0.0,0.0,0.0,0.0,0.0,0.0,0.0,0.0,0.0,0.0
2016,2016-09-05,R. DUTRA SILVA,0.0,0.0,0.0,0.0,0.0,0.0,0.0,0.0,0.0,0.0,0.0,0.0,0.0,0.0
2016,2016-09-05,G. ELIAS,0.0,0.0,0.0,0.0,0.0,0.0,0.0,0.0,0.0,0.0,0.0,0.0,0.0,0.0
2016,2016-09-05,T. GABASHVILI,0.0,0.0,0.0,0.0,0.0,0.0,0.0,0.0,0.0,0.0,0.0,0.0,0.0,0.0
2016,2016-09-05,P. HERBERT,0.0,0.0,0.0,0.0,0.0,0.0,0.0,0.0,0.0,0.0,0.0,0.0,0.0,0.0
2016,2016-09-05,A. DOLGOPOLOV,0.0,0.0,0.0,0.0,0.0,0.0,0.0,0.0,0.0,0.0,0.0,0.0,0.0,0.0
2016,2016-09-05,T. FRITZ,0.0,0.0,0.0,0.0,0.0,0.0,0.0,0.0,0.0,0.0,0.0,0.0,0.0,0.0
2016,2016-09-05,C. HARRISON,0.0,0.0,0.0,0.0,0.0,0.0,0.0,0.0,0.0,0.0,0.0,0.0,0.0,0.0
2016,2016-09-05,I. CERVANTES,0.0,0.0,0.0,0.0,0.0,0.0,0.0,0.0,0.0,0.0,0.0,0.0,0.0,0.0
2016,2016-09-05,Y. NISHIOKA,0.0,0.0,0.0,0.0,0.0,0.0,0.0,0.0,0.0,0.0,0.0,0.0,0.0,0.0
2016,2016-09-05,J. KOVALIK,0.0,0.0,0.0,0.0,0.0,0.0,0.0,0.0,0.0,0.0,0.0,0.0,0.0,0.0
2016,2016-09-05,A. BEDENE,0.0,0.0,0.0,0.0,0.0,0.0,0.0,0.0,0.0,0.0,0.0,0.0,0.0,0.0
2016,2016-09-05,R. HAASE,0.0,0.0,0.0,0.0,0.0,0.0,0.0,0.0,0.0,0.0,0.0,0.0,0.0,0.0
2016,2016-09-05,F. MAYER,0.0,0.0,0.0,0.0,0.0,0.0,0.0,0.0,0.0,0.0,0.0,0.0,0.0,0.0
2016,2016-09-05,G. ANDREOZZI,0.0,0.0,0.0,0.0,0.0,0.0,0.0,0.0,0.0,0.0,0.0,0.0,0.0,0.0
2016,2016-09-05,I. DODIG,0.0,0.0,0.0,0.0,0.0,0.0,0.0,0.0,0.0,0.0,0.0,0.0,0.0,0.0
2016,2016-09-05,R. GASQUET,0.0,0.0,0.0,0.0,0.0,0.0,0.0,0.0,0.0,0.0,0.0,0.0,0.0,0.0
2016,2016-09-05,R. STEPANEK,0.0,0.0,0.0,0.0,0.0,0.0,0.0,0.0,0.0,0.0,0.0,0.0,0.0,0.0
2016,2016-09-05,T. FABBIANO,0.0,0.0,0.0,0.0,0.0,0.0,0.0,0.0,0.0,0.0,0.0,0.0,0.0,0.0
2016,2016-09-05,L. LACKO,0.0,0.0,0.0,0.0,0.0,0.0,0.0,0.0,0.0,0.0,0.0,0.0,0.0,0.0
2016,2016-09-05,B. TOMIC,0.0,0.0,0.0,0.0,0.0,0.0,0.0,0.0,0.0,0.0,0.0,0.0,0.0,0.0
2016,2016-09-05,J. THOMPSON,0.0,0.0,0.0,0.0,0.0,0.0,0.0,0.0,0.0,0.0,0.0,0.0,0.0,0.0
2016,2016-09-05,F. TIAFOE,0.0,0.0,0.0,0.0,0.0,0.0,0.0,0.0,0.0,0.0,0.0,0.0,0.0,0.0
2016,2016-09-05,C. BERLOCQ,0.0,0.0,0.0,0.0,0.0,0.0,0.0,0.0,0.0,0.0,0.0,0.0,0.0,0.0
2016,2016-09-05,M. KLIZAN,0.0,0.0,0.0,0.0,0.0,0.0,0.0,0.0,0.0,0.0,0.0,0.0,0.0,0.0
2016,2016-09-05,D. BRANDS,0.0,0.0,0.0,0.0,0.0,0.0,0.0,0.0,0.0,0.0,0.0,0.0,0.0,0.0
2016,2016-09-05,R. RAM,0.0,0.0,0.0,0.0,0.0,0.0,0.0,0.0,0.0,0.0,0.0,0.0,0.0,0.0
2016,2016-09-05,B. FRATANGELO,0.0,0.0,0.0,0.0,0.0,0.0,0.0,0.0,0.0,0.0,0.0,0.0,0.0,0.0
2016,2016-09-05,S. MYNENI,0.0,0.0,0.0,0.0,0.0,0.0,0.0,0.0,0.0,0.0,0.0,0.0,0.0,0.0
2016,2016-09-05,D. KUDLA,0.0,0.0,0.0,0.0,0.0,0.0,0.0,0.0,0.0,0.0,0.0,0.0,0.0,0.0
2016,2016-09-05,J. JANOWICZ,0.0,0.0,0.0,0.0,0.0,0.0,0.0,0.0,0.0,0.0,0.0,0.0,0.0,0.0
2016,2016-09-05,J. MONACO,0.0,0.0,0.0,0.0,0.0,0.0,0.0,0.0,0.0,0.0,0.0,0.0,0.0,0.0
2016,2016-09-03,N. DJOKOVIC,1.0,1.0,1.0,1.0,1.0,1.0,0.98774,1.0,0.91973,1.0,0.7862,1.0,0.62041,0.0
2016,2016-09-03,A. MURRAY,1.0,1.0,1.0,1.0,1.0,1.0,0.88456,1.0,0.60076,0.0,0.45172,0.0,0.16731,0.0
2016,2016-09-03,R. NADAL,1.0,1.0,1.0,1.0,1.0,1.0,0.85754,0.0,0.61436,0.0,0.13864,0.0,0.06707,0.0
2016,2016-09-03,K. NISHIKORI,1.0,1.0,1.0,1.0,1.0,1.0,0.84544,1.0,0.34776,1.0,0.22319,0.0,0.06116,0.0
2016,2016-09-03,J. DEL POTRO,1.0,1.0,1.0,1.0,1.0,1.0,0.61521,1.0,0.36131,0.0,0.12532,0.0,0.02692,0.0
2016,2016-09-03,S. WAWRINKA,1.0,1.0,1.0,1.0,1.0,1.0,0.91873,1.0,0.44266,1.0,0.13271,1.0,0.02424,1.0
2016,2016-09-03,G. MONFILS,1.0,1.0,1.0,1.0,1.0,1.0,0.74804,1.0,0.28659,1.0,0.04024,0.0,0.01356,0.0
2016,2016-09-03,D. THIEM,1.0,1.0,1.0,1.0,1.0,1.0,0.38479,0.0,0.18868,0.0,0.05119,0.0,0.00872,0.0
2016,2016-09-03,J. TSONGA,1.0,1.0,1.0,1.0,1.0,1.0,0.61246,1.0,0.05359,0.0,0.02022,0.0,0.00591,0.0
2016,2016-09-03,J. SOCK,1.0,1.0,1.0,1.0,1.0,1.0,0.38754,0.0,0.02439,0.0,0.00749,0.0,0.0018,0.0
2016,2016-09-03,G. DIMITROV,1.0,1.0,1.0,1.0,1.0,1.0,0.11544,0.0,0.03009,0.0,0.00976,0.0,0.00107,0.0
2016,2016-09-03,L. POUILLE,1.0,1.0,1.0,1.0,1.0,1.0,0.14246,1.0,0.05022,0.0,0.00379,0.0,0.0008,0.0
2016,2016-09-03,M. BAGHDATIS,1.0,1.0,1.0,1.0,1.0,1.0,0.25196,0.0,0.04882,0.0,0.00312,0.0,0.00051,0.0
2016,2016-09-03,I. KARLOVIC,1.0,1.0,1.0,1.0,1.0,1.0,0.15456,0.0,0.02139,0.0,0.00572,0.0,0.00049,0.0
2016,2016-09-03,K. EDMUND,1.0,1.0,1.0,1.0,1.0,1.0,0.01226,0.0,0.00229,0.0,0.00029,0.0,3.0e-05,0.0
2016,2016-09-03,I. MARCHENKO,1.0,1.0,1.0,1.0,1.0,1.0,0.08127,0.0,0.00735,0.0,0.00039,0.0,1.0e-05,0.0
2016,2016-09-03,K. ANDERSON,1.0,1.0,1.0,1.0,0.0,0.0,0.0,0.0,0.0,0.0,0.0,0.0,0.0,0.0
2016,2016-09-03,J. DONALDSON,1.0,1.0,1.0,1.0,0.0,0.0,0.0,0.0,0.0,0.0,0.0,0.0,0.0,0.0
2016,2016-09-03,A. KUZNETSOV,1.0,1.0,1.0,1.0,0.0,0.0,0.0,0.0,0.0,0.0,0.0,0.0,0.0,0.0
2016,2016-09-03,N. ALMAGRO,1.0,1.0,1.0,1.0,0.0,0.0,0.0,0.0,0.0,0.0,0.0,0.0,0.0,0.0
2016,2016-09-03,J. SOUSA,1.0,1.0,1.0,1.0,0.0,0.0,0.0,0.0,0.0,0.0,0.0,0.0,0.0,0.0
2016,2016-09-03,R. HARRISON,1.0,1.0,1.0,1.0,0.0,0.0,0.0,0.0,0.0,0.0,0.0,0.0,0.0,0.0
2016,2016-09-03,M. CILIC,1.0,1.0,1.0,1.0,0.0,0.0,0.0,0.0,0.0,0.0,0.0,0.0,0.0,0.0
2016,2016-09-03,P. LORENZI,1.0,1.0,1.0,1.0,0.0,0.0,0.0,0.0,0.0,0.0,0.0,0.0,0.0,0.0
2016,2016-09-03,P. CARRENO BUSTA,1.0,1.0,1.0,1.0,0.0,0.0,0.0,0.0,0.0,0.0,0.0,0.0,0.0,0.0
2016,2016-09-03,N. MAHUT,1.0,1.0,1.0,1.0,0.0,0.0,0.0,0.0,0.0,0.0,0.0,0.0,0.0,0.0
2016,2016-09-03,M. YOUZHNY,1.0,1.0,1.0,1.0,0.0,0.0,0.0,0.0,0.0,0.0,0.0,0.0,0.0,0.0
2016,2016-09-03,D. FERRER,1.0,1.0,1.0,1.0,0.0,0.0,0.0,0.0,0.0,0.0,0.0,0.0,0.0,0.0
2016,2016-09-03,N. KYRGIOS,1.0,1.0,1.0,1.0,0.0,0.0,0.0,0.0,0.0,0.0,0.0,0.0,0.0,0.0
2016,2016-09-03,J. ISNER,1.0,1.0,1.0,1.0,0.0,0.0,0.0,0.0,0.0,0.0,0.0,0.0,0.0,0.0
2016,2016-09-03,D. EVANS,1.0,1.0,1.0,1.0,0.0,0.0,0.0,0.0,0.0,0.0,0.0,0.0,0.0,0.0
2016,2016-09-03,R. BAUTISTA AGUT,1.0,1.0,1.0,1.0,0.0,0.0,0.0,0.0,0.0,0.0,0.0,0.0,0.0,0.0
2016,2016-09-03,M. RAONIC,1.0,1.0,0.0,0.0,0.0,0.0,0.0,0.0,0.0,0.0,0.0,0.0,0.0,0.0
2016,2016-09-03,J. VESELY,1.0,1.0,0.0,0.0,0.0,0.0,0.0,0.0,0.0,0.0,0.0,0.0,0.0,0.0
2016,2016-09-03,A. GIANNESSI,1.0,1.0,0.0,0.0,0.0,0.0,0.0,0.0,0.0,0.0,0.0,0.0,0.0,0.0
2016,2016-09-03,G. PELLA,1.0,1.0,0.0,0.0,0.0,0.0,0.0,0.0,0.0,0.0,0.0,0.0,0.0,0.0
2016,2016-09-03,M. GRANOLLERS,1.0,1.0,0.0,0.0,0.0,0.0,0.0,0.0,0.0,0.0,0.0,0.0,0.0,0.0
2016,2016-09-03,S. DARCIS,1.0,1.0,0.0,0.0,0.0,0.0,0.0,0.0,0.0,0.0,0.0,0.0,0.0,0.0
2016,2016-09-03,E. ESCOBEDO,1.0,1.0,0.0,0.0,0.0,0.0,0.0,0.0,0.0,0.0,0.0,0.0,0.0,0.0
2016,2016-09-03,A. ZVEREV,1.0,1.0,0.0,0.0,0.0,0.0,0.0,0.0,0.0,0.0,0.0,0.0,0.0,0.0
2016,2016-09-03,G. SIMON,1.0,1.0,0.0,0.0,0.0,0.0,0.0,0.0,0.0,0.0,0.0,0.0,0.0,0.0
2016,2016-09-03,D. DZUMHUR,1.0,1.0,0.0,0.0,0.0,0.0,0.0,0.0,0.0,0.0,0.0,0.0,0.0,0.0
2016,2016-09-03,K. KHACHANOV,1.0,1.0,0.0,0.0,0.0,0.0,0.0,0.0,0.0,0.0,0.0,0.0,0.0,0.0
2016,2016-09-03,J. DUCKWORTH,1.0,1.0,0.0,0.0,0.0,0.0,0.0,0.0,0.0,0.0,0.0,0.0,0.0,0.0
2016,2016-09-03,V. POSPISIL,1.0,1.0,0.0,0.0,0.0,0.0,0.0,0.0,0.0,0.0,0.0,0.0,0.0,0.0
2016,2016-09-03,H. ZEBALLOS,1.0,1.0,0.0,0.0,0.0,0.0,0.0,0.0,0.0,0.0,0.0,0.0,0.0,0.0
2016,2016-09-03,J. CHARDY,1.0,1.0,0.0,0.0,0.0,0.0,0.0,0.0,0.0,0.0,0.0,0.0,0.0,0.0
2016,2016-09-03,M. ZVEREV,1.0,1.0,0.0,0.0,0.0,0.0,0.0,0.0,0.0,0.0,0.0,0.0,0.0,0.0
2016,2016-09-03,S. STAKHOVSKY,1.0,1.0,0.0,0.0,0.0,0.0,0.0,0.0,0.0,0.0,0.0,0.0,0.0,0.0
2016,2016-09-03,A. SEPPI,1.0,1.0,0.0,0.0,0.0,0.0,0.0,0.0,0.0,0.0,0.0,0.0,0.0,0.0
2016,2016-09-03,F. FOGNINI,1.0,1.0,0.0,0.0,0.0,0.0,0.0,0.0,0.0,0.0,0.0,0.0,0.0,0.0
2016,2016-09-03,A. RAMOS-VINOLAS,1.0,1.0,0.0,0.0,0.0,0.0,0.0,0.0,0.0,0.0,0.0,0.0,0.0,0.0
2016,2016-09-03,F. LOPEZ,1.0,1.0,0.0,0.0,0.0,0.0,0.0,0.0,0.0,0.0,0.0,0.0,0.0,0.0
2016,2016-09-03,P. MATHIEU,1.0,1.0,0.0,0.0,0.0,0.0,0.0,0.0,0.0,0.0,0.0,0.0,0.0,0.0
2016,2016-09-03,M. CHIUDINELLI,1.0,1.0,0.0,0.0,0.0,0.0,0.0,0.0,0.0,0.0,0.0,0.0,0.0,0.0
2016,2016-09-03,S. JOHNSON,1.0,1.0,0.0,0.0,0.0,0.0,0.0,0.0,0.0,0.0,0.0,0.0,0.0,0.0
2016,2016-09-03,F. DELBONIS,1.0,1.0,0.0,0.0,0.0,0.0,0.0,0.0,0.0,0.0,0.0,0.0,0.0,0.0
2016,2016-09-03,J. TIPSAREVIC,1.0,1.0,0.0,0.0,0.0,0.0,0.0,0.0,0.0,0.0,0.0,0.0,0.0,0.0
2016,2016-09-03,J. SATRAL,1.0,1.0,0.0,0.0,0.0,0.0,0.0,0.0,0.0,0.0,0.0,0.0,0.0,0.0
2016,2016-09-03,V. TROICKI,1.0,1.0,0.0,0.0,0.0,0.0,0.0,0.0,0.0,0.0,0.0,0.0,0.0,0.0
2016,2016-09-03,P. CUEVAS,1.0,1.0,0.0,0.0,0.0,0.0,0.0,0.0,0.0,0.0,0.0,0.0,0.0,0.0
2016,2016-09-03,R. BERANKIS,1.0,1.0,0.0,0.0,0.0,0.0,0.0,0.0,0.0,0.0,0.0,0.0,0.0,0.0
2016,2016-09-03,B. PAIRE,1.0,1.0,0.0,0.0,0.0,0.0,0.0,0.0,0.0,0.0,0.0,0.0,0.0,0.0
2016,2016-09-03,D. YOUNG,1.0,1.0,0.0,0.0,0.0,0.0,0.0,0.0,0.0,0.0,0.0,0.0,0.0,0.0
2016,2016-09-03,I. CERVANTES,0.0,0.0,0.0,0.0,0.0,0.0,0.0,0.0,0.0,0.0,0.0,0.0,0.0,0.0
2016,2016-09-03,D. BROWN,0.0,0.0,0.0,0.0,0.0,0.0,0.0,0.0,0.0,0.0,0.0,0.0,0.0,0.0
2016,2016-09-03,Y. LU,0.0,0.0,0.0,0.0,0.0,0.0,0.0,0.0,0.0,0.0,0.0,0.0,0.0,0.0
2016,2016-09-03,A. MANNARINO,0.0,0.0,0.0,0.0,0.0,0.0,0.0,0.0,0.0,0.0,0.0,0.0,0.0,0.0
2016,2016-09-03,F. BAGNIS,0.0,0.0,0.0,0.0,0.0,0.0,0.0,0.0,0.0,0.0,0.0,0.0,0.0,0.0
2016,2016-09-03,J. STRUFF,0.0,0.0,0.0,0.0,0.0,0.0,0.0,0.0,0.0,0.0,0.0,0.0,0.0,0.0
2016,2016-09-03,D. LAJOVIC,0.0,0.0,0.0,0.0,0.0,0.0,0.0,0.0,0.0,0.0,0.0,0.0,0.0,0.0
2016,2016-09-03,J. MILLMAN,0.0,0.0,0.0,0.0,0.0,0.0,0.0,0.0,0.0,0.0,0.0,0.0,0.0,0.0
2016,2016-09-03,M. JAZIRI,0.0,0.0,0.0,0.0,0.0,0.0,0.0,0.0,0.0,0.0,0.0,0.0,0.0,0.0
2016,2016-09-03,D. SELA,0.0,0.0,0.0,0.0,0.0,0.0,0.0,0.0,0.0,0.0,0.0,0.0,0.0,0.0
2016,2016-09-03,P. KOHLSCHREIBER,0.0,0.0,0.0,0.0,0.0,0.0,0.0,0.0,0.0,0.0,0.0,0.0,0.0,0.0
2016,2016-09-03,M. FUCSOVICS,0.0,0.0,0.0,0.0,0.0,0.0,0.0,0.0,0.0,0.0,0.0,0.0,0.0,0.0
2016,2016-09-03,M. MCDONALD,0.0,0.0,0.0,0.0,0.0,0.0,0.0,0.0,0.0,0.0,0.0,0.0,0.0,0.0
2016,2016-09-03,I. IVASHKA,0.0,0.0,0.0,0.0,0.0,0.0,0.0,0.0,0.0,0.0,0.0,0.0,0.0,0.0
2016,2016-09-03,G. MULLER,0.0,0.0,0.0,0.0,0.0,0.0,0.0,0.0,0.0,0.0,0.0,0.0,0.0,0.0
2016,2016-09-03,R. ALBOT,0.0,0.0,0.0,0.0,0.0,0.0,0.0,0.0,0.0,0.0,0.0,0.0,0.0,0.0
2016,2016-09-03,D. GOFFIN,0.0,0.0,0.0,0.0,0.0,0.0,0.0,0.0,0.0,0.0,0.0,0.0,0.0,0.0
2016,2016-09-03,G. GARCIA-LOPEZ,0.0,0.0,0.0,0.0,0.0,0.0,0.0,0.0,0.0,0.0,0.0,0.0,0.0,0.0
2016,2016-09-03,S. QUERREY,0.0,0.0,0.0,0.0,0.0,0.0,0.0,0.0,0.0,0.0,0.0,0.0,0.0,0.0
2016,2016-09-03,B. BAKER,0.0,0.0,0.0,0.0,0.0,0.0,0.0,0.0,0.0,0.0,0.0,0.0,0.0,0.0
2016,2016-09-03,E. DONSKOY,0.0,0.0,0.0,0.0,0.0,0.0,0.0,0.0,0.0,0.0,0.0,0.0,0.0,0.0
2016,2016-09-03,G. CLEZAR,0.0,0.0,0.0,0.0,0.0,0.0,0.0,0.0,0.0,0.0,0.0,0.0,0.0,0.0
2016,2016-09-03,M. KUKUSHKIN,0.0,0.0,0.0,0.0,0.0,0.0,0.0,0.0,0.0,0.0,0.0,0.0,0.0,0.0
2016,2016-09-03,D. SCHWARTZMAN,0.0,0.0,0.0,0.0,0.0,0.0,0.0,0.0,0.0,0.0,0.0,0.0,0.0,0.0
2016,2016-09-03,T. GABASHVILI,0.0,0.0,0.0,0.0,0.0,0.0,0.0,0.0,0.0,0.0,0.0,0.0,0.0,0.0
2016,2016-09-03,J. BENNETEAU,0.0,0.0,0.0,0.0,0.0,0.0,0.0,0.0,0.0,0.0,0.0,0.0,0.0,0.0
2016,2016-09-03,B. CORIC,0.0,0.0,0.0,0.0,0.0,0.0,0.0,0.0,0.0,0.0,0.0,0.0,0.0,0.0
2016,2016-09-03,T. BELLUCCI,0.0,0.0,0.0,0.0,0.0,0.0,0.0,0.0,0.0,0.0,0.0,0.0,0.0,0.0
2016,2016-09-03,A. DOLGOPOLOV,0.0,0.0,0.0,0.0,0.0,0.0,0.0,0.0,0.0,0.0,0.0,0.0,0.0,0.0
2016,2016-09-03,S. ROBERT,0.0,0.0,0.0,0.0,0.0,0.0,0.0,0.0,0.0,0.0,0.0,0.0,0.0,0.0
2016,2016-09-03,D. ISTOMIN,0.0,0.0,0.0,0.0,0.0,0.0,0.0,0.0,0.0,0.0,0.0,0.0,0.0,0.0
2016,2016-09-03,V. ESTRELLA BURGOS,0.0,0.0,0.0,0.0,0.0,0.0,0.0,0.0,0.0,0.0,0.0,0.0,0.0,0.0
2016,2016-09-03,M. MMOH,0.0,0.0,0.0,0.0,0.0,0.0,0.0,0.0,0.0,0.0,0.0,0.0,0.0,0.0
2016,2016-09-03,R. DUTRA SILVA,0.0,0.0,0.0,0.0,0.0,0.0,0.0,0.0,0.0,0.0,0.0,0.0,0.0,0.0
2016,2016-09-03,G. ELIAS,0.0,0.0,0.0,0.0,0.0,0.0,0.0,0.0,0.0,0.0,0.0,0.0,0.0,0.0
2016,2016-09-03,C. HARRISON,0.0,0.0,0.0,0.0,0.0,0.0,0.0,0.0,0.0,0.0,0.0,0.0,0.0,0.0
2016,2016-09-03,P. HERBERT,0.0,0.0,0.0,0.0,0.0,0.0,0.0,0.0,0.0,0.0,0.0,0.0,0.0,0.0
2016,2016-09-03,T. FABBIANO,0.0,0.0,0.0,0.0,0.0,0.0,0.0,0.0,0.0,0.0,0.0,0.0,0.0,0.0
2016,2016-09-03,T. FRITZ,0.0,0.0,0.0,0.0,0.0,0.0,0.0,0.0,0.0,0.0,0.0,0.0,0.0,0.0
2016,2016-09-03,A. BEDENE,0.0,0.0,0.0,0.0,0.0,0.0,0.0,0.0,0.0,0.0,0.0,0.0,0.0,0.0
2016,2016-09-03,L. ROSOL,0.0,0.0,0.0,0.0,0.0,0.0,0.0,0.0,0.0,0.0,0.0,0.0,0.0,0.0
2016,2016-09-03,Y. NISHIOKA,0.0,0.0,0.0,0.0,0.0,0.0,0.0,0.0,0.0,0.0,0.0,0.0,0.0,0.0
2016,2016-09-03,J. KOVALIK,0.0,0.0,0.0,0.0,0.0,0.0,0.0,0.0,0.0,0.0,0.0,0.0,0.0,0.0
2016,2016-09-03,F. MAYER,0.0,0.0,0.0,0.0,0.0,0.0,0.0,0.0,0.0,0.0,0.0,0.0,0.0,0.0
2016,2016-09-03,R. HAASE,0.0,0.0,0.0,0.0,0.0,0.0,0.0,0.0,0.0,0.0,0.0,0.0,0.0,0.0
2016,2016-09-03,I. DODIG,0.0,0.0,0.0,0.0,0.0,0.0,0.0,0.0,0.0,0.0,0.0,0.0,0.0,0.0
2016,2016-09-03,G. ANDREOZZI,0.0,0.0,0.0,0.0,0.0,0.0,0.0,0.0,0.0,0.0,0.0,0.0,0.0,0.0
2016,2016-09-03,B. TOMIC,0.0,0.0,0.0,0.0,0.0,0.0,0.0,0.0,0.0,0.0,0.0,0.0,0.0,0.0
2016,2016-09-03,R. GASQUET,0.0,0.0,0.0,0.0,0.0,0.0,0.0,0.0,0.0,0.0,0.0,0.0,0.0,0.0
2016,2016-09-03,R. STEPANEK,0.0,0.0,0.0,0.0,0.0,0.0,0.0,0.0,0.0,0.0,0.0,0.0,0.0,0.0
2016,2016-09-03,D. BRANDS,0.0,0.0,0.0,0.0,0.0,0.0,0.0,0.0,0.0,0.0,0.0,0.0,0.0,0.0
2016,2016-09-03,L. LACKO,0.0,0.0,0.0,0.0,0.0,0.0,0.0,0.0,0.0,0.0,0.0,0.0,0.0,0.0
2016,2016-09-03,B. BECKER,0.0,0.0,0.0,0.0,0.0,0.0,0.0,0.0,0.0,0.0,0.0,0.0,0.0,0.0
2016,2016-09-03,J. THOMPSON,0.0,0.0,0.0,0.0,0.0,0.0,0.0,0.0,0.0,0.0,0.0,0.0,0.0,0.0
2016,2016-09-03,F. TIAFOE,0.0,0.0,0.0,0.0,0.0,0.0,0.0,0.0,0.0,0.0,0.0,0.0,0.0,0.0
2016,2016-09-03,C. BERLOCQ,0.0,0.0,0.0,0.0,0.0,0.0,0.0,0.0,0.0,0.0,0.0,0.0,0.0,0.0
2016,2016-09-03,M. KLIZAN,0.0,0.0,0.0,0.0,0.0,0.0,0.0,0.0,0.0,0.0,0.0,0.0,0.0,0.0
2016,2016-09-03,R. RAM,0.0,0.0,0.0,0.0,0.0,0.0,0.0,0.0,0.0,0.0,0.0,0.0,0.0,0.0
2016,2016-09-03,D. KUDLA,0.0,0.0,0.0,0.0,0.0,0.0,0.0,0.0,0.0,0.0,0.0,0.0,0.0,0.0
2016,2016-09-03,B. FRATANGELO,0.0,0.0,0.0,0.0,0.0,0.0,0.0,0.0,0.0,0.0,0.0,0.0,0.0,0.0
2016,2016-09-03,S. MYNENI,0.0,0.0,0.0,0.0,0.0,0.0,0.0,0.0,0.0,0.0,0.0,0.0,0.0,0.0
2016,2016-09-03,F. VERDASCO,0.0,0.0,0.0,0.0,0.0,0.0,0.0,0.0,0.0,0.0,0.0,0.0,0.0,0.0
2016,2016-09-03,J. JANOWICZ,0.0,0.0,0.0,0.0,0.0,0.0,0.0,0.0,0.0,0.0,0.0,0.0,0.0,0.0
2016,2016-09-03,J. MONACO,0.0,0.0,0.0,0.0,0.0,0.0,0.0,0.0,0.0,0.0,0.0,0.0,0.0,0.0
2016,2016-09-01,N. DJOKOVIC,1.0,1.0,1.0,1.0,0.98119,1.0,0.93707,1.0,0.8728,1.0,0.75706,1.0,0.59814,0.0
2016,2016-09-01,A. MURRAY,1.0,1.0,1.0,1.0,0.97141,1.0,0.87665,1.0,0.61047,0.0,0.46874,0.0,0.18106,0.0
2016,2016-09-01,R. NADAL,1.0,1.0,1.0,1.0,0.87508,1.0,0.69682,0.0,0.52055,0.0,0.13131,0.0,0.06382,0.0
2016,2016-09-01,K. NISHIKORI,1.0,1.0,1.0,1.0,0.91244,1.0,0.79052,1.0,0.33012,1.0,0.21858,0.0,0.0635,0.0
2016,2016-09-01,J. DEL POTRO,1.0,1.0,1.0,1.0,0.67201,1.0,0.4463,1.0,0.263,0.0,0.09173,0.0,0.02117,0.0
2016,2016-09-01,S. WAWRINKA,1.0,1.0,1.0,1.0,0.87193,1.0,0.53844,1.0,0.28703,1.0,0.08856,1.0,0.01792,1.0
2016,2016-09-01,G. MONFILS,1.0,1.0,1.0,1.0,0.80566,1.0,0.62635,1.0,0.26402,1.0,0.04305,0.0,0.01455,0.0
2016,2016-09-01,N. KYRGIOS,1.0,1.0,1.0,1.0,0.88825,0.0,0.41479,0.0,0.19522,0.0,0.05285,0.0,0.00987,0.0
2016,2016-09-01,D. THIEM,1.0,1.0,1.0,1.0,0.7174,1.0,0.31647,0.0,0.15468,0.0,0.04226,0.0,0.00781,0.0
2016,2016-09-01,J. TSONGA,1.0,1.0,1.0,1.0,0.68728,1.0,0.37784,1.0,0.04246,0.0,0.01738,0.0,0.00513,0.0
2016,2016-09-01,M. CILIC,1.0,1.0,1.0,1.0,0.61844,0.0,0.33688,0.0,0.03668,0.0,0.01465,0.0,0.0042,0.0
2016,2016-09-01,R. BAUTISTA AGUT,1.0,1.0,1.0,1.0,0.67357,0.0,0.19202,0.0,0.09871,0.0,0.0125,0.0,0.00341,0.0
2016,2016-09-01,D. FERRER,1.0,1.0,1.0,1.0,0.32799,0.0,0.1645,0.0,0.06937,0.0,0.0152,0.0,0.00216,0.0
2016,2016-09-01,J. ISNER,1.0,1.0,1.0,1.0,0.84618,0.0,0.05373,0.0,0.02436,0.0,0.00794,0.0,0.0018,0.0
2016,2016-09-01,G. DIMITROV,1.0,1.0,1.0,1.0,0.71873,1.0,0.09674,0.0,0.02795,0.0,0.00965,0.0,0.00117,0.0
2016,2016-09-01,J. SOCK,1.0,1.0,1.0,1.0,0.38156,1.0,0.16933,0.0,0.014,0.0,0.00467,0.0,0.00112,0.0
2016,2016-09-01,I. KARLOVIC,1.0,1.0,1.0,1.0,0.75425,1.0,0.14793,0.0,0.02173,0.0,0.00623,0.0,0.0006,0.0
2016,2016-09-01,M. BAGHDATIS,1.0,1.0,1.0,1.0,0.63575,1.0,0.19906,0.0,0.04392,0.0,0.00344,0.0,0.00057,0.0
2016,2016-09-01,L. POUILLE,1.0,1.0,1.0,1.0,0.32643,1.0,0.06078,1.0,0.02402,0.0,0.00218,0.0,0.00046,0.0
2016,2016-09-01,P. CARRENO BUSTA,1.0,1.0,1.0,1.0,0.2826,0.0,0.07273,0.0,0.02223,0.0,0.00349,0.0,0.00038,0.0
2016,2016-09-01,K. ANDERSON,1.0,1.0,1.0,1.0,0.31272,0.0,0.11595,0.0,0.00766,0.0,0.00206,0.0,0.00038,0.0
2016,2016-09-01,A. KUZNETSOV,1.0,1.0,1.0,1.0,0.12492,0.0,0.05038,0.0,0.01921,0.0,0.00163,0.0,0.00031,0.0
2016,2016-09-01,N. ALMAGRO,1.0,1.0,1.0,1.0,0.19434,0.0,0.0927,0.0,0.01647,0.0,0.00102,0.0,0.00013,0.0
2016,2016-09-01,R. HARRISON,1.0,1.0,1.0,1.0,0.36425,0.0,0.08189,0.0,0.0131,0.0,0.00076,0.0,0.0001,0.0
2016,2016-09-01,D. EVANS,1.0,1.0,1.0,1.0,0.12807,0.0,0.03225,0.0,0.00663,0.0,0.00074,0.0,6.0e-05,0.0
2016,2016-09-01,N. MAHUT,1.0,1.0,1.0,1.0,0.08756,0.0,0.03712,0.0,0.0036,0.0,0.0007,0.0,5.0e-05,0.0
2016,2016-09-01,J. SOUSA,1.0,1.0,1.0,1.0,0.28127,0.0,0.01917,0.0,0.00315,0.0,0.00061,0.0,4.0e-05,0.0
2016,2016-09-01,J. DONALDSON,1.0,1.0,1.0,1.0,0.24575,0.0,0.02443,0.0,0.00212,0.0,0.00043,0.0,3.0e-05,0.0
2016,2016-09-01,M. YOUZHNY,1.0,1.0,1.0,1.0,0.01881,0.0,0.0063,0.0,0.0015,0.0,0.00025,0.0,3.0e-05,0.0
2016,2016-09-01,K. EDMUND,1.0,1.0,1.0,1.0,0.15382,1.0,0.0029,0.0,0.00054,0.0,8.0e-05,0.0,1.0e-05,0.0
2016,2016-09-01,I. MARCHENKO,1.0,1.0,1.0,1.0,0.11175,1.0,0.01452,0.0,0.00185,0.0,0.00012,0.0,1.0e-05,0.0
2016,2016-09-01,P. LORENZI,1.0,1.0,1.0,1.0,0.02859,0.0,0.00744,0.0,0.00085,0.0,0.00011,0.0,1.0e-05,0.0
2016,2016-09-01,M. RAONIC,1.0,1.0,0.0,0.0,0.0,0.0,0.0,0.0,0.0,0.0,0.0,0.0,0.0,0.0
2016,2016-09-01,J. VESELY,1.0,1.0,0.0,0.0,0.0,0.0,0.0,0.0,0.0,0.0,0.0,0.0,0.0,0.0
2016,2016-09-01,A. GIANNESSI,1.0,1.0,0.0,0.0,0.0,0.0,0.0,0.0,0.0,0.0,0.0,0.0,0.0,0.0
2016,2016-09-01,G. PELLA,1.0,1.0,0.0,0.0,0.0,0.0,0.0,0.0,0.0,0.0,0.0,0.0,0.0,0.0
2016,2016-09-01,M. GRANOLLERS,1.0,1.0,0.0,0.0,0.0,0.0,0.0,0.0,0.0,0.0,0.0,0.0,0.0,0.0
2016,2016-09-01,S. DARCIS,1.0,1.0,0.0,0.0,0.0,0.0,0.0,0.0,0.0,0.0,0.0,0.0,0.0,0.0
2016,2016-09-01,E. ESCOBEDO,1.0,1.0,0.0,0.0,0.0,0.0,0.0,0.0,0.0,0.0,0.0,0.0,0.0,0.0
2016,2016-09-01,A. ZVEREV,1.0,1.0,0.0,0.0,0.0,0.0,0.0,0.0,0.0,0.0,0.0,0.0,0.0,0.0
2016,2016-09-01,G. SIMON,1.0,1.0,0.0,0.0,0.0,0.0,0.0,0.0,0.0,0.0,0.0,0.0,0.0,0.0
2016,2016-09-01,D. DZUMHUR,1.0,1.0,0.0,0.0,0.0,0.0,0.0,0.0,0.0,0.0,0.0,0.0,0.0,0.0
2016,2016-09-01,K. KHACHANOV,1.0,1.0,0.0,0.0,0.0,0.0,0.0,0.0,0.0,0.0,0.0,0.0,0.0,0.0
2016,2016-09-01,J. DUCKWORTH,1.0,1.0,0.0,0.0,0.0,0.0,0.0,0.0,0.0,0.0,0.0,0.0,0.0,0.0
2016,2016-09-01,V. POSPISIL,1.0,1.0,0.0,0.0,0.0,0.0,0.0,0.0,0.0,0.0,0.0,0.0,0.0,0.0
2016,2016-09-01,H. ZEBALLOS,1.0,1.0,0.0,0.0,0.0,0.0,0.0,0.0,0.0,0.0,0.0,0.0,0.0,0.0
2016,2016-09-01,J. CHARDY,1.0,1.0,0.0,0.0,0.0,0.0,0.0,0.0,0.0,0.0,0.0,0.0,0.0,0.0
2016,2016-09-01,M. ZVEREV,1.0,1.0,0.0,0.0,0.0,0.0,0.0,0.0,0.0,0.0,0.0,0.0,0.0,0.0
2016,2016-09-01,S. STAKHOVSKY,1.0,1.0,0.0,0.0,0.0,0.0,0.0,0.0,0.0,0.0,0.0,0.0,0.0,0.0
2016,2016-09-01,A. SEPPI,1.0,1.0,0.0,0.0,0.0,0.0,0.0,0.0,0.0,0.0,0.0,0.0,0.0,0.0
2016,2016-09-01,F. FOGNINI,1.0,1.0,0.0,0.0,0.0,0.0,0.0,0.0,0.0,0.0,0.0,0.0,0.0,0.0
2016,2016-09-01,A. RAMOS-VINOLAS,1.0,1.0,0.0,0.0,0.0,0.0,0.0,0.0,0.0,0.0,0.0,0.0,0.0,0.0
2016,2016-09-01,F. LOPEZ,1.0,1.0,0.0,0.0,0.0,0.0,0.0,0.0,0.0,0.0,0.0,0.0,0.0,0.0
2016,2016-09-01,P. MATHIEU,1.0,1.0,0.0,0.0,0.0,0.0,0.0,0.0,0.0,0.0,0.0,0.0,0.0,0.0
2016,2016-09-01,M. CHIUDINELLI,1.0,1.0,0.0,0.0,0.0,0.0,0.0,0.0,0.0,0.0,0.0,0.0,0.0,0.0
2016,2016-09-01,S. JOHNSON,1.0,1.0,0.0,0.0,0.0,0.0,0.0,0.0,0.0,0.0,0.0,0.0,0.0,0.0
2016,2016-09-01,F. DELBONIS,1.0,1.0,0.0,0.0,0.0,0.0,0.0,0.0,0.0,0.0,0.0,0.0,0.0,0.0
2016,2016-09-01,J. TIPSAREVIC,1.0,1.0,0.0,0.0,0.0,0.0,0.0,0.0,0.0,0.0,0.0,0.0,0.0,0.0
2016,2016-09-01,J. SATRAL,1.0,1.0,0.0,0.0,0.0,0.0,0.0,0.0,0.0,0.0,0.0,0.0,0.0,0.0
2016,2016-09-01,V. TROICKI,1.0,1.0,0.0,0.0,0.0,0.0,0.0,0.0,0.0,0.0,0.0,0.0,0.0,0.0
2016,2016-09-01,P. CUEVAS,1.0,1.0,0.0,0.0,0.0,0.0,0.0,0.0,0.0,0.0,0.0,0.0,0.0,0.0
2016,2016-09-01,R. BERANKIS,1.0,1.0,0.0,0.0,0.0,0.0,0.0,0.0,0.0,0.0,0.0,0.0,0.0,0.0
2016,2016-09-01,B. PAIRE,1.0,1.0,0.0,0.0,0.0,0.0,0.0,0.0,0.0,0.0,0.0,0.0,0.0,0.0
2016,2016-09-01,D. YOUNG,1.0,1.0,0.0,0.0,0.0,0.0,0.0,0.0,0.0,0.0,0.0,0.0,0.0,0.0
2016,2016-09-01,I. CERVANTES,0.0,0.0,0.0,0.0,0.0,0.0,0.0,0.0,0.0,0.0,0.0,0.0,0.0,0.0
2016,2016-09-01,D. BROWN,0.0,0.0,0.0,0.0,0.0,0.0,0.0,0.0,0.0,0.0,0.0,0.0,0.0,0.0
2016,2016-09-01,Y. LU,0.0,0.0,0.0,0.0,0.0,0.0,0.0,0.0,0.0,0.0,0.0,0.0,0.0,0.0
2016,2016-09-01,A. MANNARINO,0.0,0.0,0.0,0.0,0.0,0.0,0.0,0.0,0.0,0.0,0.0,0.0,0.0,0.0
2016,2016-09-01,F. BAGNIS,0.0,0.0,0.0,0.0,0.0,0.0,0.0,0.0,0.0,0.0,0.0,0.0,0.0,0.0
2016,2016-09-01,J. STRUFF,0.0,0.0,0.0,0.0,0.0,0.0,0.0,0.0,0.0,0.0,0.0,0.0,0.0,0.0
2016,2016-09-01,D. LAJOVIC,0.0,0.0,0.0,0.0,0.0,0.0,0.0,0.0,0.0,0.0,0.0,0.0,0.0,0.0
2016,2016-09-01,J. MILLMAN,0.0,0.0,0.0,0.0,0.0,0.0,0.0,0.0,0.0,0.0,0.0,0.0,0.0,0.0
2016,2016-09-01,M. JAZIRI,0.0,0.0,0.0,0.0,0.0,0.0,0.0,0.0,0.0,0.0,0.0,0.0,0.0,0.0
2016,2016-09-01,D. SELA,0.0,0.0,0.0,0.0,0.0,0.0,0.0,0.0,0.0,0.0,0.0,0.0,0.0,0.0
2016,2016-09-01,P. KOHLSCHREIBER,0.0,0.0,0.0,0.0,0.0,0.0,0.0,0.0,0.0,0.0,0.0,0.0,0.0,0.0
2016,2016-09-01,M. FUCSOVICS,0.0,0.0,0.0,0.0,0.0,0.0,0.0,0.0,0.0,0.0,0.0,0.0,0.0,0.0
2016,2016-09-01,M. MCDONALD,0.0,0.0,0.0,0.0,0.0,0.0,0.0,0.0,0.0,0.0,0.0,0.0,0.0,0.0
2016,2016-09-01,I. IVASHKA,0.0,0.0,0.0,0.0,0.0,0.0,0.0,0.0,0.0,0.0,0.0,0.0,0.0,0.0
2016,2016-09-01,G. MULLER,0.0,0.0,0.0,0.0,0.0,0.0,0.0,0.0,0.0,0.0,0.0,0.0,0.0,0.0
2016,2016-09-01,R. ALBOT,0.0,0.0,0.0,0.0,0.0,0.0,0.0,0.0,0.0,0.0,0.0,0.0,0.0,0.0
2016,2016-09-01,D. GOFFIN,0.0,0.0,0.0,0.0,0.0,0.0,0.0,0.0,0.0,0.0,0.0,0.0,0.0,0.0
2016,2016-09-01,G. GARCIA-LOPEZ,0.0,0.0,0.0,0.0,0.0,0.0,0.0,0.0,0.0,0.0,0.0,0.0,0.0,0.0
2016,2016-09-01,S. QUERREY,0.0,0.0,0.0,0.0,0.0,0.0,0.0,0.0,0.0,0.0,0.0,0.0,0.0,0.0
2016,2016-09-01,B. BAKER,0.0,0.0,0.0,0.0,0.0,0.0,0.0,0.0,0.0,0.0,0.0,0.0,0.0,0.0
2016,2016-09-01,E. DONSKOY,0.0,0.0,0.0,0.0,0.0,0.0,0.0,0.0,0.0,0.0,0.0,0.0,0.0,0.0
2016,2016-09-01,G. CLEZAR,0.0,0.0,0.0,0.0,0.0,0.0,0.0,0.0,0.0,0.0,0.0,0.0,0.0,0.0
2016,2016-09-01,M. KUKUSHKIN,0.0,0.0,0.0,0.0,0.0,0.0,0.0,0.0,0.0,0.0,0.0,0.0,0.0,0.0
2016,2016-09-01,D. SCHWARTZMAN,0.0,0.0,0.0,0.0,0.0,0.0,0.0,0.0,0.0,0.0,0.0,0.0,0.0,0.0
2016,2016-09-01,T. GABASHVILI,0.0,0.0,0.0,0.0,0.0,0.0,0.0,0.0,0.0,0.0,0.0,0.0,0.0,0.0
2016,2016-09-01,J. BENNETEAU,0.0,0.0,0.0,0.0,0.0,0.0,0.0,0.0,0.0,0.0,0.0,0.0,0.0,0.0
2016,2016-09-01,B. CORIC,0.0,0.0,0.0,0.0,0.0,0.0,0.0,0.0,0.0,0.0,0.0,0.0,0.0,0.0
2016,2016-09-01,T. BELLUCCI,0.0,0.0,0.0,0.0,0.0,0.0,0.0,0.0,0.0,0.0,0.0,0.0,0.0,0.0
2016,2016-09-01,A. DOLGOPOLOV,0.0,0.0,0.0,0.0,0.0,0.0,0.0,0.0,0.0,0.0,0.0,0.0,0.0,0.0
2016,2016-09-01,S. ROBERT,0.0,0.0,0.0,0.0,0.0,0.0,0.0,0.0,0.0,0.0,0.0,0.0,0.0,0.0
2016,2016-09-01,D. ISTOMIN,0.0,0.0,0.0,0.0,0.0,0.0,0.0,0.0,0.0,0.0,0.0,0.0,0.0,0.0
2016,2016-09-01,V. ESTRELLA BURGOS,0.0,0.0,0.0,0.0,0.0,0.0,0.0,0.0,0.0,0.0,0.0,0.0,0.0,0.0
2016,2016-09-01,M. MMOH,0.0,0.0,0.0,0.0,0.0,0.0,0.0,0.0,0.0,0.0,0.0,0.0,0.0,0.0
2016,2016-09-01,R. DUTRA SILVA,0.0,0.0,0.0,0.0,0.0,0.0,0.0,0.0,0.0,0.0,0.0,0.0,0.0,0.0
2016,2016-09-01,G. ELIAS,0.0,0.0,0.0,0.0,0.0,0.0,0.0,0.0,0.0,0.0,0.0,0.0,0.0,0.0
2016,2016-09-01,C. HARRISON,0.0,0.0,0.0,0.0,0.0,0.0,0.0,0.0,0.0,0.0,0.0,0.0,0.0,0.0
2016,2016-09-01,P. HERBERT,0.0,0.0,0.0,0.0,0.0,0.0,0.0,0.0,0.0,0.0,0.0,0.0,0.0,0.0
2016,2016-09-01,T. FABBIANO,0.0,0.0,0.0,0.0,0.0,0.0,0.0,0.0,0.0,0.0,0.0,0.0,0.0,0.0
2016,2016-09-01,T. FRITZ,0.0,0.0,0.0,0.0,0.0,0.0,0.0,0.0,0.0,0.0,0.0,0.0,0.0,0.0
2016,2016-09-01,A. BEDENE,0.0,0.0,0.0,0.0,0.0,0.0,0.0,0.0,0.0,0.0,0.0,0.0,0.0,0.0
2016,2016-09-01,L. ROSOL,0.0,0.0,0.0,0.0,0.0,0.0,0.0,0.0,0.0,0.0,0.0,0.0,0.0,0.0
2016,2016-09-01,Y. NISHIOKA,0.0,0.0,0.0,0.0,0.0,0.0,0.0,0.0,0.0,0.0,0.0,0.0,0.0,0.0
2016,2016-09-01,J. KOVALIK,0.0,0.0,0.0,0.0,0.0,0.0,0.0,0.0,0.0,0.0,0.0,0.0,0.0,0.0
2016,2016-09-01,F. MAYER,0.0,0.0,0.0,0.0,0.0,0.0,0.0,0.0,0.0,0.0,0.0,0.0,0.0,0.0
2016,2016-09-01,R. HAASE,0.0,0.0,0.0,0.0,0.0,0.0,0.0,0.0,0.0,0.0,0.0,0.0,0.0,0.0
2016,2016-09-01,I. DODIG,0.0,0.0,0.0,0.0,0.0,0.0,0.0,0.0,0.0,0.0,0.0,0.0,0.0,0.0
2016,2016-09-01,G. ANDREOZZI,0.0,0.0,0.0,0.0,0.0,0.0,0.0,0.0,0.0,0.0,0.0,0.0,0.0,0.0
2016,2016-09-01,B. TOMIC,0.0,0.0,0.0,0.0,0.0,0.0,0.0,0.0,0.0,0.0,0.0,0.0,0.0,0.0
2016,2016-09-01,R. GASQUET,0.0,0.0,0.0,0.0,0.0,0.0,0.0,0.0,0.0,0.0,0.0,0.0,0.0,0.0
2016,2016-09-01,R. STEPANEK,0.0,0.0,0.0,0.0,0.0,0.0,0.0,0.0,0.0,0.0,0.0,0.0,0.0,0.0
2016,2016-09-01,D. BRANDS,0.0,0.0,0.0,0.0,0.0,0.0,0.0,0.0,0.0,0.0,0.0,0.0,0.0,0.0
2016,2016-09-01,L. LACKO,0.0,0.0,0.0,0.0,0.0,0.0,0.0,0.0,0.0,0.0,0.0,0.0,0.0,0.0
2016,2016-09-01,B. BECKER,0.0,0.0,0.0,0.0,0.0,0.0,0.0,0.0,0.0,0.0,0.0,0.0,0.0,0.0
2016,2016-09-01,J. THOMPSON,0.0,0.0,0.0,0.0,0.0,0.0,0.0,0.0,0.0,0.0,0.0,0.0,0.0,0.0
2016,2016-09-01,F. TIAFOE,0.0,0.0,0.0,0.0,0.0,0.0,0.0,0.0,0.0,0.0,0.0,0.0,0.0,0.0
2016,2016-09-01,C. BERLOCQ,0.0,0.0,0.0,0.0,0.0,0.0,0.0,0.0,0.0,0.0,0.0,0.0,0.0,0.0
2016,2016-09-01,M. KLIZAN,0.0,0.0,0.0,0.0,0.0,0.0,0.0,0.0,0.0,0.0,0.0,0.0,0.0,0.0
2016,2016-09-01,R. RAM,0.0,0.0,0.0,0.0,0.0,0.0,0.0,0.0,0.0,0.0,0.0,0.0,0.0,0.0
2016,2016-09-01,D. KUDLA,0.0,0.0,0.0,0.0,0.0,0.0,0.0,0.0,0.0,0.0,0.0,0.0,0.0,0.0
2016,2016-09-01,B. FRATANGELO,0.0,0.0,0.0,0.0,0.0,0.0,0.0,0.0,0.0,0.0,0.0,0.0,0.0,0.0
2016,2016-09-01,S. MYNENI,0.0,0.0,0.0,0.0,0.0,0.0,0.0,0.0,0.0,0.0,0.0,0.0,0.0,0.0
2016,2016-09-01,F. VERDASCO,0.0,0.0,0.0,0.0,0.0,0.0,0.0,0.0,0.0,0.0,0.0,0.0,0.0,0.0
2016,2016-09-01,J. JANOWICZ,0.0,0.0,0.0,0.0,0.0,0.0,0.0,0.0,0.0,0.0,0.0,0.0,0.0,0.0
2016,2016-09-01,J. MONACO,0.0,0.0,0.0,0.0,0.0,0.0,0.0,0.0,0.0,0.0,0.0,0.0,0.0,0.0
2016,2016-08-30,N. DJOKOVIC,1.0,1.0,0.98231,1.0,0.966,1.0,0.92855,1.0,0.86651,1.0,0.74075,1.0,0.58923,0.0
2016,2016-08-30,A. MURRAY,1.0,1.0,0.95982,1.0,0.88743,1.0,0.8058,1.0,0.56825,0.0,0.44162,0.0,0.17205,0.0
2016,2016-08-30,K. NISHIKORI,1.0,1.0,0.9577,1.0,0.88016,1.0,0.76969,1.0,0.3474,1.0,0.23361,0.0,0.06798,0.0
2016,2016-08-30,R. NADAL,1.0,1.0,0.90761,1.0,0.80528,1.0,0.65485,0.0,0.41236,0.0,0.10621,0.0,0.05279,0.0
2016,2016-08-30,M. RAONIC,1.0,1.0,0.9096,0.0,0.77641,0.0,0.52441,0.0,0.29204,0.0,0.06716,0.0,0.031,0.0
2016,2016-08-30,J. DEL POTRO,1.0,1.0,0.76291,1.0,0.54603,1.0,0.3725,1.0,0.22432,0.0,0.08127,0.0,0.01868,0.0
2016,2016-08-30,S. WAWRINKA,1.0,1.0,0.95823,1.0,0.77512,1.0,0.50513,1.0,0.28219,1.0,0.09149,1.0,0.01852,1.0
2016,2016-08-30,N. KYRGIOS,1.0,1.0,0.89071,1.0,0.77324,0.0,0.37597,0.0,0.18666,0.0,0.05321,0.0,0.00988,0.0
2016,2016-08-30,G. MONFILS,1.0,1.0,0.96108,1.0,0.76792,1.0,0.35951,1.0,0.16233,1.0,0.02768,0.0,0.0098,0.0
2016,2016-08-30,D. THIEM,1.0,1.0,0.90062,1.0,0.67082,1.0,0.32418,0.0,0.16292,0.0,0.04659,0.0,0.00852,0.0
2016,2016-08-30,J. TSONGA,1.0,1.0,0.91668,1.0,0.66867,1.0,0.38347,1.0,0.04552,0.0,0.01693,0.0,0.00514,0.0
2016,2016-08-30,M. CILIC,1.0,1.0,0.85576,1.0,0.56893,0.0,0.31838,0.0,0.03669,0.0,0.01329,0.0,0.00393,0.0
2016,2016-08-30,R. BAUTISTA AGUT,1.0,1.0,0.81903,1.0,0.58412,0.0,0.18717,0.0,0.06999,0.0,0.00919,0.0,0.00261,0.0
2016,2016-08-30,D. FERRER,1.0,1.0,0.69508,1.0,0.27052,0.0,0.14226,0.0,0.06219,0.0,0.01445,0.0,0.00203,0.0
2016,2016-08-30,J. ISNER,1.0,1.0,0.7828,1.0,0.6766,0.0,0.04972,0.0,0.02299,0.0,0.00669,0.0,0.00157,0.0
2016,2016-08-30,J. SOCK,1.0,1.0,0.80933,1.0,0.35384,1.0,0.16275,0.0,0.01441,0.0,0.00427,0.0,0.00106,0.0
2016,2016-08-30,G. DIMITROV,1.0,1.0,0.726,1.0,0.45517,1.0,0.07749,0.0,0.02364,0.0,0.00853,0.0,0.00103,0.0
2016,2016-08-30,S. JOHNSON,1.0,1.0,0.23709,0.0,0.11184,0.0,0.05071,0.0,0.01917,0.0,0.00386,0.0,0.00049,0.0
2016,2016-08-30,I. KARLOVIC,1.0,1.0,0.66117,1.0,0.42112,1.0,0.09125,0.0,0.01626,0.0,0.0049,0.0,0.00047,0.0
2016,2016-08-30,L. POUILLE,1.0,1.0,0.82093,1.0,0.31755,1.0,0.0691,1.0,0.01838,0.0,0.00174,0.0,0.00038,0.0
2016,2016-08-30,A. ZVEREV,1.0,1.0,0.68687,0.0,0.16802,0.0,0.06764,0.0,0.02142,0.0,0.00357,0.0,0.00038,0.0
2016,2016-08-30,K. ANDERSON,1.0,1.0,0.76445,1.0,0.26981,0.0,0.10759,0.0,0.00773,0.0,0.00182,0.0,0.00035,0.0
2016,2016-08-30,G. SIMON,1.0,1.0,0.78725,0.0,0.08784,0.0,0.04562,0.0,0.01171,0.0,0.00347,0.0,0.00033,0.0
2016,2016-08-30,P. CARRENO BUSTA,1.0,1.0,0.58344,1.0,0.19202,0.0,0.05661,0.0,0.01807,0.0,0.00302,0.0,0.00032,0.0
2016,2016-08-30,F. LOPEZ,1.0,1.0,0.66553,0.0,0.3202,0.0,0.04332,0.0,0.01064,0.0,0.00299,0.0,0.00026,0.0
2016,2016-08-30,A. KUZNETSOV,1.0,1.0,0.57072,1.0,0.0942,0.0,0.04113,0.0,0.01052,0.0,0.00093,0.0,0.00019,0.0
2016,2016-08-30,M. BAGHDATIS,1.0,1.0,0.63583,1.0,0.13371,1.0,0.0445,0.0,0.0111,0.0,0.00093,0.0,0.00017,0.0
2016,2016-08-30,V. TROICKI,1.0,1.0,0.7251,0.0,0.33261,0.0,0.05699,0.0,0.00806,0.0,0.00194,0.0,0.00015,0.0
2016,2016-08-30,F. FOGNINI,1.0,1.0,0.30492,0.0,0.07162,0.0,0.02572,0.0,0.00736,0.0,0.00105,0.0,9.0e-05,0.0
2016,2016-08-30,P. CUEVAS,1.0,1.0,0.51679,0.0,0.11878,0.0,0.027,0.0,0.00599,0.0,0.00045,0.0,7.0e-05,0.0
2016,2016-08-30,J. TIPSAREVIC,1.0,1.0,0.41656,0.0,0.10984,0.0,0.02459,0.0,0.00583,0.0,0.00068,0.0,5.0e-05,0.0
2016,2016-08-30,D. YOUNG,1.0,1.0,0.33883,0.0,0.16718,0.0,0.02454,0.0,0.00303,0.0,0.00065,0.0,4.0e-05,0.0
2016,2016-08-30,A. RAMOS-VINOLAS,1.0,1.0,0.42928,0.0,0.05724,0.0,0.02088,0.0,0.00421,0.0,0.00028,0.0,4.0e-05,0.0
2016,2016-08-30,N. MAHUT,1.0,1.0,0.54828,1.0,0.05991,0.0,0.02606,0.0,0.00313,0.0,0.00064,0.0,4.0e-05,0.0
2016,2016-08-30,N. ALMAGRO,1.0,1.0,0.48321,1.0,0.1046,0.0,0.02201,0.0,0.00442,0.0,0.00029,0.0,4.0e-05,0.0
2016,2016-08-30,D. EVANS,1.0,1.0,0.31313,1.0,0.04718,0.0,0.01368,0.0,0.00305,0.0,0.00036,0.0,3.0e-05,0.0
2016,2016-08-30,J. VESELY,1.0,1.0,0.01769,0.0,0.01002,0.0,0.00414,0.0,0.00117,0.0,0.0002,0.0,3.0e-05,0.0
2016,2016-08-30,D. DZUMHUR,1.0,1.0,0.58134,0.0,0.11078,0.0,0.01974,0.0,0.00375,0.0,0.00037,0.0,2.0e-05,0.0
2016,2016-08-30,M. YOUZHNY,1.0,1.0,0.61998,1.0,0.01655,0.0,0.00639,0.0,0.00158,0.0,0.00022,0.0,2.0e-05,0.0
2016,2016-08-30,A. SEPPI,1.0,1.0,0.09239,0.0,0.04328,0.0,0.01542,0.0,0.00295,0.0,0.00018,0.0,2.0e-05,0.0
2016,2016-08-30,J. SOUSA,1.0,1.0,0.33447,1.0,0.11358,0.0,0.01011,0.0,0.00178,0.0,0.00036,0.0,2.0e-05,0.0
2016,2016-08-30,B. PAIRE,1.0,1.0,0.36417,0.0,0.05302,0.0,0.01305,0.0,0.00242,0.0,0.00015,0.0,2.0e-05,0.0
2016,2016-08-30,J. CHARDY,1.0,1.0,0.274,0.0,0.11105,0.0,0.0098,0.0,0.00167,0.0,0.00032,0.0,2.0e-05,0.0
2016,2016-08-30,S. DARCIS,1.0,1.0,0.2172,0.0,0.14456,0.0,0.00459,0.0,0.00106,0.0,0.00014,0.0,2.0e-05,0.0
2016,2016-08-30,J. DONALDSON,1.0,1.0,0.2749,1.0,0.07909,0.0,0.00889,0.0,0.00095,0.0,0.0002,0.0,1.0e-05,0.0
2016,2016-08-30,P. MATHIEU,1.0,1.0,0.45172,0.0,0.04228,0.0,0.01625,0.0,0.00165,0.0,0.00028,0.0,1.0e-05,0.0
2016,2016-08-30,R. HARRISON,1.0,1.0,0.0904,1.0,0.03686,0.0,0.00854,0.0,0.00151,0.0,9.0e-05,0.0,1.0e-05,0.0
2016,2016-08-30,K. KHACHANOV,1.0,1.0,0.0423,0.0,0.01765,0.0,0.00633,0.0,0.00067,0.0,0.00014,0.0,1.0e-05,0.0
2016,2016-08-30,G. PELLA,1.0,1.0,0.38002,0.0,0.00743,0.0,0.00255,0.0,0.00059,0.0,8.0e-05,0.0,1.0e-05,0.0
2016,2016-08-30,K. EDMUND,1.0,1.0,0.69877,1.0,0.14017,1.0,0.00337,0.0,0.00066,0.0,8.0e-05,0.0,1.0e-05,0.0
2016,2016-08-30,F. DELBONIS,1.0,1.0,0.18097,0.0,0.07238,0.0,0.0095,0.0,0.00146,0.0,8.0e-05,0.0,1.0e-05,0.0
2016,2016-08-30,M. GRANOLLERS,1.0,1.0,0.04018,0.0,0.01564,0.0,0.00542,0.0,0.00087,0.0,0.00016,0.0,1.0e-05,0.0
2016,2016-08-30,I. MARCHENKO,1.0,1.0,0.41866,1.0,0.06309,1.0,0.00859,0.0,0.00121,0.0,9.0e-05,0.0,0.0,0.0
2016,2016-08-30,S. STAKHOVSKY,1.0,1.0,0.14424,0.0,0.04181,0.0,0.00903,0.0,0.00033,0.0,4.0e-05,0.0,0.0,0.0
2016,2016-08-30,H. ZEBALLOS,1.0,1.0,0.10929,0.0,0.05289,0.0,0.00746,0.0,0.00108,0.0,8.0e-05,0.0,0.0,0.0
2016,2016-08-30,V. POSPISIL,1.0,1.0,0.23555,0.0,0.04018,0.0,0.00809,0.0,0.00028,0.0,3.0e-05,0.0,0.0,0.0
2016,2016-08-30,M. ZVEREV,1.0,1.0,0.19067,0.0,0.03542,0.0,0.0071,0.0,0.00024,0.0,3.0e-05,0.0,0.0,0.0
2016,2016-08-30,E. ESCOBEDO,1.0,1.0,0.30123,0.0,0.03868,0.0,0.0007,0.0,0.00012,0.0,2.0e-05,0.0,0.0,0.0
2016,2016-08-30,P. LORENZI,1.0,1.0,0.21275,1.0,0.00909,0.0,0.00243,0.0,0.0003,0.0,4.0e-05,0.0,0.0,0.0
2016,2016-08-30,A. GIANNESSI,1.0,1.0,0.04177,0.0,0.00967,0.0,0.00181,0.0,0.00027,0.0,2.0e-05,0.0,0.0,0.0
2016,2016-08-30,J. SATRAL,1.0,1.0,0.03892,0.0,0.0087,0.0,0.00098,0.0,0.00014,0.0,1.0e-05,0.0,0.0,0.0
2016,2016-08-30,R. BERANKIS,1.0,1.0,0.09938,0.0,0.02733,0.0,0.00343,0.0,0.00049,0.0,3.0e-05,0.0,0.0,0.0
2016,2016-08-30,J. DUCKWORTH,1.0,1.0,0.08332,0.0,0.02133,0.0,0.0036,0.0,0.00011,0.0,1.0e-05,0.0,0.0,0.0
2016,2016-08-30,M. CHIUDINELLI,1.0,1.0,0.17907,0.0,0.02595,0.0,0.00195,0.0,0.00017,0.0,1.0e-05,0.0,0.0,0.0
2016,2016-08-30,G. ELIAS,0.0,0.0,0.0,0.0,0.0,0.0,0.0,0.0,0.0,0.0,0.0,0.0,0.0,0.0
2016,2016-08-30,D. BROWN,0.0,0.0,0.0,0.0,0.0,0.0,0.0,0.0,0.0,0.0,0.0,0.0,0.0,0.0
2016,2016-08-30,R. STEPANEK,0.0,0.0,0.0,0.0,0.0,0.0,0.0,0.0,0.0,0.0,0.0,0.0,0.0,0.0
2016,2016-08-30,A. MANNARINO,0.0,0.0,0.0,0.0,0.0,0.0,0.0,0.0,0.0,0.0,0.0,0.0,0.0,0.0
2016,2016-08-30,F. BAGNIS,0.0,0.0,0.0,0.0,0.0,0.0,0.0,0.0,0.0,0.0,0.0,0.0,0.0,0.0
2016,2016-08-30,J. MILLMAN,0.0,0.0,0.0,0.0,0.0,0.0,0.0,0.0,0.0,0.0,0.0,0.0,0.0,0.0
2016,2016-08-30,D. LAJOVIC,0.0,0.0,0.0,0.0,0.0,0.0,0.0,0.0,0.0,0.0,0.0,0.0,0.0,0.0
2016,2016-08-30,M. JAZIRI,0.0,0.0,0.0,0.0,0.0,0.0,0.0,0.0,0.0,0.0,0.0,0.0,0.0,0.0
2016,2016-08-30,I. IVASHKA,0.0,0.0,0.0,0.0,0.0,0.0,0.0,0.0,0.0,0.0,0.0,0.0,0.0,0.0
2016,2016-08-30,D. SELA,0.0,0.0,0.0,0.0,0.0,0.0,0.0,0.0,0.0,0.0,0.0,0.0,0.0,0.0
2016,2016-08-30,S. QUERREY,0.0,0.0,0.0,0.0,0.0,0.0,0.0,0.0,0.0,0.0,0.0,0.0,0.0,0.0
2016,2016-08-30,M. FUCSOVICS,0.0,0.0,0.0,0.0,0.0,0.0,0.0,0.0,0.0,0.0,0.0,0.0,0.0,0.0
2016,2016-08-30,M. MCDONALD,0.0,0.0,0.0,0.0,0.0,0.0,0.0,0.0,0.0,0.0,0.0,0.0,0.0,0.0
2016,2016-08-30,E. DONSKOY,0.0,0.0,0.0,0.0,0.0,0.0,0.0,0.0,0.0,0.0,0.0,0.0,0.0,0.0
2016,2016-08-30,G. MULLER,0.0,0.0,0.0,0.0,0.0,0.0,0.0,0.0,0.0,0.0,0.0,0.0,0.0,0.0
2016,2016-08-30,D. SCHWARTZMAN,0.0,0.0,0.0,0.0,0.0,0.0,0.0,0.0,0.0,0.0,0.0,0.0,0.0,0.0
2016,2016-08-30,T. GABASHVILI,0.0,0.0,0.0,0.0,0.0,0.0,0.0,0.0,0.0,0.0,0.0,0.0,0.0,0.0
2016,2016-08-30,G. GARCIA-LOPEZ,0.0,0.0,0.0,0.0,0.0,0.0,0.0,0.0,0.0,0.0,0.0,0.0,0.0,0.0
2016,2016-08-30,A. DOLGOPOLOV,0.0,0.0,0.0,0.0,0.0,0.0,0.0,0.0,0.0,0.0,0.0,0.0,0.0,0.0
2016,2016-08-30,B. BAKER,0.0,0.0,0.0,0.0,0.0,0.0,0.0,0.0,0.0,0.0,0.0,0.0,0.0,0.0
2016,2016-08-30,A. BEDENE,0.0,0.0,0.0,0.0,0.0,0.0,0.0,0.0,0.0,0.0,0.0,0.0,0.0,0.0
2016,2016-08-30,G. CLEZAR,0.0,0.0,0.0,0.0,0.0,0.0,0.0,0.0,0.0,0.0,0.0,0.0,0.0,0.0
2016,2016-08-30,M. KUKUSHKIN,0.0,0.0,0.0,0.0,0.0,0.0,0.0,0.0,0.0,0.0,0.0,0.0,0.0,0.0
2016,2016-08-30,F. MAYER,0.0,0.0,0.0,0.0,0.0,0.0,0.0,0.0,0.0,0.0,0.0,0.0,0.0,0.0
2016,2016-08-30,I. DODIG,0.0,0.0,0.0,0.0,0.0,0.0,0.0,0.0,0.0,0.0,0.0,0.0,0.0,0.0
2016,2016-08-30,J. BENNETEAU,0.0,0.0,0.0,0.0,0.0,0.0,0.0,0.0,0.0,0.0,0.0,0.0,0.0,0.0
2016,2016-08-30,B. TOMIC,0.0,0.0,0.0,0.0,0.0,0.0,0.0,0.0,0.0,0.0,0.0,0.0,0.0,0.0
2016,2016-08-30,T. BELLUCCI,0.0,0.0,0.0,0.0,0.0,0.0,0.0,0.0,0.0,0.0,0.0,0.0,0.0,0.0
2016,2016-08-30,D. BRANDS,0.0,0.0,0.0,0.0,0.0,0.0,0.0,0.0,0.0,0.0,0.0,0.0,0.0,0.0
2016,2016-08-30,S. ROBERT,0.0,0.0,0.0,0.0,0.0,0.0,0.0,0.0,0.0,0.0,0.0,0.0,0.0,0.0
2016,2016-08-30,D. ISTOMIN,0.0,0.0,0.0,0.0,0.0,0.0,0.0,0.0,0.0,0.0,0.0,0.0,0.0,0.0
2016,2016-08-30,L. ROSOL,0.0,0.0,0.0,0.0,0.0,0.0,0.0,0.0,0.0,0.0,0.0,0.0,0.0,0.0
2016,2016-08-30,M. MMOH,0.0,0.0,0.0,0.0,0.0,0.0,0.0,0.0,0.0,0.0,0.0,0.0,0.0,0.0
2016,2016-08-30,R. DUTRA SILVA,0.0,0.0,0.0,0.0,0.0,0.0,0.0,0.0,0.0,0.0,0.0,0.0,0.0,0.0
2016,2016-08-30,C. BERLOCQ,0.0,0.0,0.0,0.0,0.0,0.0,0.0,0.0,0.0,0.0,0.0,0.0,0.0,0.0
2016,2016-08-30,R. RAM,0.0,0.0,0.0,0.0,0.0,0.0,0.0,0.0,0.0,0.0,0.0,0.0,0.0,0.0
2016,2016-08-30,P. HERBERT,0.0,0.0,0.0,0.0,0.0,0.0,0.0,0.0,0.0,0.0,0.0,0.0,0.0,0.0
2016,2016-08-30,D. KUDLA,0.0,0.0,0.0,0.0,0.0,0.0,0.0,0.0,0.0,0.0,0.0,0.0,0.0,0.0
2016,2016-08-30,T. FRITZ,0.0,0.0,0.0,0.0,0.0,0.0,0.0,0.0,0.0,0.0,0.0,0.0,0.0,0.0
2016,2016-08-30,F. VERDASCO,0.0,0.0,0.0,0.0,0.0,0.0,0.0,0.0,0.0,0.0,0.0,0.0,0.0,0.0
2016,2016-08-30,I. CERVANTES,0.0,0.0,0.0,0.0,0.0,0.0,0.0,0.0,0.0,0.0,0.0,0.0,0.0,0.0
2016,2016-08-30,Y. NISHIOKA,0.0,0.0,0.0,0.0,0.0,0.0,0.0,0.0,0.0,0.0,0.0,0.0,0.0,0.0
2016,2016-08-30,J. KOVALIK,0.0,0.0,0.0,0.0,0.0,0.0,0.0,0.0,0.0,0.0,0.0,0.0,0.0,0.0
2016,2016-08-30,B. BECKER,0.0,0.0,0.0,0.0,0.0,0.0,0.0,0.0,0.0,0.0,0.0,0.0,0.0,0.0
2016,2016-08-30,R. HAASE,0.0,0.0,0.0,0.0,0.0,0.0,0.0,0.0,0.0,0.0,0.0,0.0,0.0,0.0
2016,2016-08-30,T. FABBIANO,0.0,0.0,0.0,0.0,0.0,0.0,0.0,0.0,0.0,0.0,0.0,0.0,0.0,0.0
2016,2016-08-30,G. ANDREOZZI,0.0,0.0,0.0,0.0,0.0,0.0,0.0,0.0,0.0,0.0,0.0,0.0,0.0,0.0
2016,2016-08-30,C. HARRISON,0.0,0.0,0.0,0.0,0.0,0.0,0.0,0.0,0.0,0.0,0.0,0.0,0.0,0.0
2016,2016-08-30,R. GASQUET,0.0,0.0,0.0,0.0,0.0,0.0,0.0,0.0,0.0,0.0,0.0,0.0,0.0,0.0
2016,2016-08-30,P. KOHLSCHREIBER,0.0,0.0,0.0,0.0,0.0,0.0,0.0,0.0,0.0,0.0,0.0,0.0,0.0,0.0
2016,2016-08-30,Y. LU,0.0,0.0,0.0,0.0,0.0,0.0,0.0,0.0,0.0,0.0,0.0,0.0,0.0,0.0
2016,2016-08-30,L. LACKO,0.0,0.0,0.0,0.0,0.0,0.0,0.0,0.0,0.0,0.0,0.0,0.0,0.0,0.0
2016,2016-08-30,J. STRUFF,0.0,0.0,0.0,0.0,0.0,0.0,0.0,0.0,0.0,0.0,0.0,0.0,0.0,0.0
2016,2016-08-30,J. THOMPSON,0.0,0.0,0.0,0.0,0.0,0.0,0.0,0.0,0.0,0.0,0.0,0.0,0.0,0.0
2016,2016-08-30,F. TIAFOE,0.0,0.0,0.0,0.0,0.0,0.0,0.0,0.0,0.0,0.0,0.0,0.0,0.0,0.0
2016,2016-08-30,R. ALBOT,0.0,0.0,0.0,0.0,0.0,0.0,0.0,0.0,0.0,0.0,0.0,0.0,0.0,0.0
2016,2016-08-30,M. KLIZAN,0.0,0.0,0.0,0.0,0.0,0.0,0.0,0.0,0.0,0.0,0.0,0.0,0.0,0.0
2016,2016-08-30,D. GOFFIN,0.0,0.0,0.0,0.0,0.0,0.0,0.0,0.0,0.0,0.0,0.0,0.0,0.0,0.0
2016,2016-08-30,B. CORIC,0.0,0.0,0.0,0.0,0.0,0.0,0.0,0.0,0.0,0.0,0.0,0.0,0.0,0.0
2016,2016-08-30,B. FRATANGELO,0.0,0.0,0.0,0.0,0.0,0.0,0.0,0.0,0.0,0.0,0.0,0.0,0.0,0.0
2016,2016-08-30,S. MYNENI,0.0,0.0,0.0,0.0,0.0,0.0,0.0,0.0,0.0,0.0,0.0,0.0,0.0,0.0
2016,2016-08-30,V. ESTRELLA BURGOS,0.0,0.0,0.0,0.0,0.0,0.0,0.0,0.0,0.0,0.0,0.0,0.0,0.0,0.0
2016,2016-08-30,J. JANOWICZ,0.0,0.0,0.0,0.0,0.0,0.0,0.0,0.0,0.0,0.0,0.0,0.0,0.0,0.0
2016,2016-08-30,J. MONACO,0.0,0.0,0.0,0.0,0.0,0.0,0.0,0.0,0.0,0.0,0.0,0.0,0.0,0.0
2016,2016-08-28,N. DJOKOVIC,0.98549,1.0,0.97008,1.0,0.94787,1.0,0.88925,1.0,0.83148,1.0,0.71327,1.0,0.571,0.0
2016,2016-08-28,A. MURRAY,0.96497,1.0,0.90275,1.0,0.84033,1.0,0.76277,1.0,0.55038,0.0,0.43341,0.0,0.17432,0.0
2016,2016-08-28,K. NISHIKORI,0.95441,1.0,0.92007,1.0,0.7899,1.0,0.6533,1.0,0.30984,1.0,0.21335,0.0,0.06506,0.0
2016,2016-08-28,R. NADAL,0.9428,1.0,0.86616,1.0,0.77798,1.0,0.64862,0.0,0.4224,0.0,0.11593,0.0,0.05861,0.0
2016,2016-08-28,M. RAONIC,0.89393,1.0,0.80753,0.0,0.69571,0.0,0.49714,0.0,0.28116,0.0,0.06925,0.0,0.03256,0.0
2016,2016-08-28,J. DEL POTRO,0.91545,1.0,0.72421,1.0,0.53673,1.0,0.38318,1.0,0.24185,0.0,0.09082,0.0,0.02174,0.0
2016,2016-08-28,S. WAWRINKA,0.79861,1.0,0.75699,1.0,0.63079,1.0,0.41686,1.0,0.23893,1.0,0.08108,1.0,0.01725,1.0
2016,2016-08-28,G. MONFILS,0.73569,1.0,0.71049,1.0,0.58114,1.0,0.29153,1.0,0.13474,1.0,0.0249,0.0,0.00904,0.0
2016,2016-08-28,N. KYRGIOS,0.87952,1.0,0.67431,1.0,0.48137,0.0,0.26571,0.0,0.13897,0.0,0.04279,0.0,0.0086,0.0
2016,2016-08-28,D. THIEM,0.742,1.0,0.65764,1.0,0.48736,1.0,0.24196,0.0,0.12998,0.0,0.03905,0.0,0.00751,0.0
2016,2016-08-28,J. TSONGA,0.95244,1.0,0.82675,1.0,0.62598,1.0,0.36872,1.0,0.04809,0.0,0.01835,0.0,0.00577,0.0
2016,2016-08-28,M. CILIC,0.92384,1.0,0.8043,1.0,0.55708,0.0,0.32185,0.0,0.04055,0.0,0.01502,0.0,0.00458,0.0
2016,2016-08-28,R. GASQUET,0.92171,0.0,0.83836,0.0,0.55072,0.0,0.06073,0.0,0.0346,0.0,0.0132,0.0,0.00413,0.0
2016,2016-08-28,R. BAUTISTA AGUT,0.785,1.0,0.65994,1.0,0.492,0.0,0.16615,0.0,0.06662,0.0,0.00951,0.0,0.00277,0.0
2016,2016-08-28,D. GOFFIN,0.89223,0.0,0.6559,0.0,0.4518,0.0,0.14199,0.0,0.03812,0.0,0.01684,0.0,0.00265,0.0
2016,2016-08-28,D. FERRER,0.74207,1.0,0.5498,1.0,0.22764,0.0,0.12962,0.0,0.06167,0.0,0.01533,0.0,0.00231,0.0
2016,2016-08-28,B. TOMIC,0.81473,0.0,0.65321,0.0,0.29728,0.0,0.1287,0.0,0.05084,0.0,0.01078,0.0,0.00142,0.0
2016,2016-08-28,G. DIMITROV,0.87751,1.0,0.65747,1.0,0.40407,1.0,0.07845,0.0,0.02467,0.0,0.00934,0.0,0.0012,0.0
2016,2016-08-28,J. ISNER,0.94808,1.0,0.7652,1.0,0.36071,0.0,0.03065,0.0,0.01479,0.0,0.00457,0.0,0.00115,0.0
2016,2016-08-28,J. SOCK,0.81193,1.0,0.61687,1.0,0.28584,1.0,0.13783,0.0,0.01335,0.0,0.00409,0.0,0.00105,0.0
2016,2016-08-28,P. KOHLSCHREIBER,0.71176,0.0,0.55553,0.0,0.13295,0.0,0.0738,0.0,0.01708,0.0,0.00641,0.0,0.0008,0.0
2016,2016-08-28,S. JOHNSON,0.83448,1.0,0.23256,0.0,0.1182,0.0,0.05796,0.0,0.02368,0.0,0.00501,0.0,0.00067,0.0
2016,2016-08-28,B. CORIC,0.48946,0.0,0.35016,0.0,0.1846,0.0,0.03178,0.0,0.00925,0.0,0.00335,0.0,0.00042,0.0
2016,2016-08-28,P. CARRENO BUSTA,0.90047,1.0,0.49632,1.0,0.19204,0.0,0.05908,0.0,0.02076,0.0,0.00369,0.0,0.00042,0.0
2016,2016-08-28,A. ZVEREV,0.72011,1.0,0.51208,0.0,0.15931,0.0,0.06328,0.0,0.02086,0.0,0.00368,0.0,0.00041,0.0
2016,2016-08-28,L. POUILLE,0.62676,1.0,0.52836,1.0,0.23207,1.0,0.05412,1.0,0.01567,0.0,0.00161,0.0,0.00036,0.0
2016,2016-08-28,K. ANDERSON,0.75201,1.0,0.59593,1.0,0.22754,0.0,0.09431,0.0,0.00732,0.0,0.00178,0.0,0.00035,0.0
2016,2016-08-28,J. MILLMAN,0.258,0.0,0.19593,0.0,0.1075,0.0,0.03452,0.0,0.01296,0.0,0.00257,0.0,0.00034,0.0
2016,2016-08-28,G. MULLER,0.26431,0.0,0.24204,0.0,0.15427,0.0,0.04874,0.0,0.01401,0.0,0.00146,0.0,0.00031,0.0
2016,2016-08-28,I. KARLOVIC,0.60925,1.0,0.42958,1.0,0.19826,1.0,0.04614,0.0,0.00911,0.0,0.00293,0.0,0.0003,0.0
2016,2016-08-28,M. BAGHDATIS,0.84984,1.0,0.55456,1.0,0.14126,1.0,0.05419,0.0,0.01434,0.0,0.00134,0.0,0.00025,0.0
2016,2016-08-28,G. SIMON,0.55252,1.0,0.41738,0.0,0.05628,0.0,0.02921,0.0,0.00771,0.0,0.00242,0.0,0.00024,0.0
2016,2016-08-28,F. LOPEZ,0.51054,1.0,0.36353,0.0,0.18758,0.0,0.03026,0.0,0.00782,0.0,0.00239,0.0,0.00023,0.0
2016,2016-08-28,F. MAYER,0.77228,0.0,0.24839,0.0,0.12551,0.0,0.04331,0.0,0.0132,0.0,0.00205,0.0,0.00019,0.0
2016,2016-08-28,A. KUZNETSOV,0.61856,1.0,0.35817,1.0,0.06727,0.0,0.03221,0.0,0.00903,0.0,0.00087,0.0,0.00018,0.0
2016,2016-08-28,M. KLIZAN,0.62563,0.0,0.4625,0.0,0.0225,0.0,0.00859,0.0,0.00333,0.0,0.00081,0.0,0.00016,0.0
2016,2016-08-28,F. VERDASCO,0.20139,0.0,0.16707,0.0,0.09759,0.0,0.03588,0.0,0.01044,0.0,0.00152,0.0,0.00013,0.0
2016,2016-08-28,J. MONACO,0.67525,0.0,0.06535,0.0,0.03671,0.0,0.01808,0.0,0.00446,0.0,0.00131,0.0,0.00012,0.0
2016,2016-08-28,F. FOGNINI,0.77192,1.0,0.27808,0.0,0.07071,0.0,0.02794,0.0,0.00882,0.0,0.00134,0.0,0.00012,0.0
2016,2016-08-28,S. QUERREY,0.5622,0.0,0.28615,0.0,0.10286,0.0,0.0282,0.0,0.00862,0.0,0.00126,0.0,0.00011,0.0
2016,2016-08-28,R. STEPANEK,0.44748,0.0,0.32069,0.0,0.03754,0.0,0.01771,0.0,0.00412,0.0,0.00114,0.0,0.0001,0.0
2016,2016-08-28,V. TROICKI,0.81314,1.0,0.28178,0.0,0.14142,0.0,0.02646,0.0,0.00426,0.0,0.00113,0.0,9.0e-05,0.0
2016,2016-08-28,P. CUEVAS,0.67653,1.0,0.37739,0.0,0.10641,0.0,0.02731,0.0,0.00637,0.0,0.00052,0.0,9.0e-05,0.0
2016,2016-08-28,Y. LU,0.39075,0.0,0.24121,0.0,0.09003,0.0,0.01634,0.0,0.00257,0.0,0.00067,0.0,5.0e-05,0.0
2016,2016-08-28,N. ALMAGRO,0.67625,1.0,0.36336,1.0,0.09711,0.0,0.02323,0.0,0.00495,0.0,0.00036,0.0,5.0e-05,0.0
2016,2016-08-28,P. HERBERT,0.61216,0.0,0.19973,0.0,0.05843,0.0,0.01883,0.0,0.00113,0.0,0.00024,0.0,5.0e-05,0.0
2016,2016-08-28,A. DOLGOPOLOV,0.25793,0.0,0.13591,0.0,0.03116,0.0,0.01138,0.0,0.00331,0.0,0.00046,0.0,4.0e-05,0.0
2016,2016-08-28,A. RAMOS-VINOLAS,0.51387,1.0,0.2439,0.0,0.03756,0.0,0.01526,0.0,0.00341,0.0,0.00025,0.0,4.0e-05,0.0
2016,2016-08-28,J. TIPSAREVIC,0.4378,1.0,0.19837,0.0,0.06233,0.0,0.01464,0.0,0.00387,0.0,0.00048,0.0,4.0e-05,0.0
2016,2016-08-28,D. YOUNG,0.74762,1.0,0.28136,0.0,0.09198,0.0,0.01449,0.0,0.00202,0.0,0.00047,0.0,3.0e-05,0.0
2016,2016-08-28,D. BROWN,0.10607,0.0,0.06022,0.0,0.02978,0.0,0.00967,0.0,0.00222,0.0,0.00019,0.0,3.0e-05,0.0
2016,2016-08-28,A. SEPPI,0.62759,1.0,0.07613,0.0,0.0379,0.0,0.01511,0.0,0.00324,0.0,0.00022,0.0,3.0e-05,0.0
2016,2016-08-28,D. EVANS,0.56264,1.0,0.20849,1.0,0.04233,0.0,0.01166,0.0,0.00271,0.0,0.00034,0.0,3.0e-05,0.0
2016,2016-08-28,J. CHARDY,0.88055,1.0,0.28501,0.0,0.11256,0.0,0.01179,0.0,0.00202,0.0,0.00042,0.0,3.0e-05,0.0
2016,2016-08-28,J. VESELY,0.81806,1.0,0.02028,0.0,0.01009,0.0,0.0029,0.0,0.00087,0.0,0.00016,0.0,2.0e-05,0.0
2016,2016-08-28,M. KUKUSHKIN,0.37324,0.0,0.28528,0.0,0.0945,0.0,0.01536,0.0,0.00295,0.0,0.00018,0.0,2.0e-05,0.0
2016,2016-08-28,Y. NISHIOKA,0.24799,0.0,0.15323,0.0,0.03636,0.0,0.01053,0.0,0.00059,0.0,0.00012,0.0,2.0e-05,0.0
2016,2016-08-28,N. MAHUT,0.28824,1.0,0.17548,1.0,0.02445,0.0,0.00915,0.0,0.00131,0.0,0.00031,0.0,2.0e-05,0.0
2016,2016-08-28,M. FUCSOVICS,0.32375,0.0,0.13288,0.0,0.02773,0.0,0.00597,0.0,0.0013,0.0,0.00011,0.0,2.0e-05,0.0
2016,2016-08-28,B. PAIRE,0.53893,1.0,0.22227,0.0,0.03996,0.0,0.01143,0.0,0.00225,0.0,0.00015,0.0,2.0e-05,0.0
2016,2016-08-28,J. BENNETEAU,0.48613,0.0,0.22235,0.0,0.03218,0.0,0.01224,0.0,0.00248,0.0,0.00016,0.0,2.0e-05,0.0
2016,2016-08-28,J. SOUSA,0.63853,1.0,0.20557,1.0,0.07513,0.0,0.00794,0.0,0.0014,0.0,0.0003,0.0,2.0e-05,0.0
2016,2016-08-28,A. MANNARINO,0.54002,0.0,0.07496,0.0,0.03413,0.0,0.0099,0.0,0.00198,0.0,0.00014,0.0,2.0e-05,0.0
2016,2016-08-28,D. LAJOVIC,0.46107,0.0,0.17795,0.0,0.03014,0.0,0.00838,0.0,0.00164,0.0,0.00011,0.0,2.0e-05,0.0
2016,2016-08-28,T. BELLUCCI,0.38144,0.0,0.17559,0.0,0.0234,0.0,0.00841,0.0,0.0016,0.0,0.0001,0.0,1.0e-05,0.0
2016,2016-08-28,G. GARCIA-LOPEZ,0.215,0.0,0.13044,0.0,0.06262,0.0,0.00998,0.0,0.00182,0.0,0.0001,0.0,1.0e-05,0.0
2016,2016-08-28,C. HARRISON,0.26217,0.0,0.04954,0.0,0.00488,0.0,0.00172,0.0,0.00027,0.0,9.0e-05,0.0,1.0e-05,0.0
2016,2016-08-28,R. HARRISON,0.45998,1.0,0.05729,1.0,0.02445,0.0,0.00662,0.0,0.00125,0.0,8.0e-05,0.0,1.0e-05,0.0
2016,2016-08-28,F. DELBONIS,0.64009,1.0,0.15044,0.0,0.06609,0.0,0.00957,0.0,0.00165,0.0,9.0e-05,0.0,1.0e-05,0.0
2016,2016-08-28,T. FRITZ,0.18807,0.0,0.09094,0.0,0.0224,0.0,0.00623,0.0,0.00032,0.0,6.0e-05,0.0,1.0e-05,0.0
2016,2016-08-28,B. FRATANGELO,0.45494,0.0,0.13349,0.0,0.00339,0.0,0.00087,0.0,0.00026,0.0,5.0e-05,0.0,1.0e-05,0.0
2016,2016-08-28,P. MATHIEU,0.73783,1.0,0.21945,0.0,0.02536,0.0,0.00795,0.0,0.00092,0.0,0.00017,0.0,1.0e-05,0.0
2016,2016-08-28,K. KHACHANOV,0.70755,1.0,0.04299,0.0,0.01299,0.0,0.00382,0.0,0.00047,0.0,0.00011,0.0,1.0e-05,0.0
2016,2016-08-28,S. DARCIS,0.83406,1.0,0.2051,0.0,0.04986,0.0,0.00191,0.0,0.00048,0.0,7.0e-05,0.0,1.0e-05,0.0
2016,2016-08-28,M. YOUZHNY,0.37437,1.0,0.23533,1.0,0.0077,0.0,0.00201,0.0,0.00052,0.0,8.0e-05,0.0,1.0e-05,0.0
2016,2016-08-28,S. ROBERT,0.37241,0.0,0.03259,0.0,0.01379,0.0,0.00483,0.0,0.00093,0.0,6.0e-05,0.0,1.0e-05,0.0
2016,2016-08-28,I. DODIG,0.60716,0.0,0.16686,0.0,0.03676,0.0,0.00804,0.0,0.00151,0.0,0.00014,0.0,1.0e-05,0.0
2016,2016-08-28,R. HAASE,0.69978,0.0,0.12452,0.0,0.05029,0.0,0.01249,0.0,0.00052,0.0,7.0e-05,0.0,1.0e-05,0.0
2016,2016-08-28,D. DZUMHUR,0.18527,1.0,0.09717,0.0,0.02076,0.0,0.00464,0.0,0.00094,0.0,0.0001,0.0,1.0e-05,0.0
2016,2016-08-28,D. BRANDS,0.27989,0.0,0.14267,0.0,0.02597,0.0,0.00612,0.0,0.00116,0.0,0.00011,0.0,1.0e-05,0.0
2016,2016-08-28,D. SCHWARTZMAN,0.08455,0.0,0.02763,0.0,0.00818,0.0,0.00246,0.0,0.00061,0.0,8.0e-05,0.0,1.0e-05,0.0
2016,2016-08-28,M. JAZIRI,0.56796,0.0,0.09076,0.0,0.02956,0.0,0.00496,0.0,0.00101,0.0,0.0001,0.0,1.0e-05,0.0
2016,2016-08-28,J. JANOWICZ,0.01451,0.0,0.00776,0.0,0.00359,0.0,0.00093,0.0,0.00025,0.0,4.0e-05,0.0,1.0e-05,0.0
2016,2016-08-28,G. PELLA,0.54506,1.0,0.16868,0.0,0.00419,0.0,0.00096,0.0,0.00024,0.0,4.0e-05,0.0,1.0e-05,0.0
2016,2016-08-28,C. BERLOCQ,0.58529,0.0,0.16723,0.0,0.01119,0.0,0.00352,0.0,0.00051,0.0,9.0e-05,0.0,0.0,0.0
2016,2016-08-28,M. GRANOLLERS,0.32475,1.0,0.01824,0.0,0.0074,0.0,0.00256,0.0,0.00041,0.0,8.0e-05,0.0,0.0,0.0
2016,2016-08-28,V. POSPISIL,0.76976,1.0,0.21758,0.0,0.04161,0.0,0.0089,0.0,0.00032,0.0,4.0e-05,0.0,0.0,0.0
2016,2016-08-28,A. BEDENE,0.12048,0.0,0.04359,0.0,0.01443,0.0,0.00315,0.0,0.00061,0.0,6.0e-05,0.0,0.0,0.0
2016,2016-08-28,S. STAKHOVSKY,0.61583,1.0,0.11063,0.0,0.03491,0.0,0.00816,0.0,0.00031,0.0,4.0e-05,0.0,0.0,0.0
2016,2016-08-28,L. ROSOL,0.03503,0.0,0.01365,0.0,0.00546,0.0,0.00188,0.0,0.0003,0.0,6.0e-05,0.0,0.0,0.0
2016,2016-08-28,R. RAM,0.43736,0.0,0.13676,0.0,0.02234,0.0,0.00472,0.0,0.0008,0.0,7.0e-05,0.0,0.0,0.0
2016,2016-08-28,D. SELA,0.32347,0.0,0.12637,0.0,0.02254,0.0,0.00371,0.0,0.00055,0.0,3.0e-05,0.0,0.0,0.0
2016,2016-08-28,D. ISTOMIN,0.0572,0.0,0.02512,0.0,0.00991,0.0,0.00311,0.0,0.0005,0.0,3.0e-05,0.0,0.0,0.0
2016,2016-08-28,J. DONALDSON,0.10777,1.0,0.03537,1.0,0.011,0.0,0.00126,0.0,0.00015,0.0,3.0e-05,0.0,0.0,0.0
2016,2016-08-28,I. IVASHKA,0.09953,0.0,0.01916,0.0,0.00331,0.0,0.00054,0.0,0.00013,0.0,2.0e-05,0.0,0.0,0.0
2016,2016-08-28,S. MYNENI,0.18194,0.0,0.00188,0.0,0.00067,0.0,0.00015,0.0,4.0e-05,0.0,1.0e-05,0.0,0.0,0.0
2016,2016-08-28,J. SATRAL,0.61774,1.0,0.03302,0.0,0.00819,0.0,0.00106,0.0,0.00016,0.0,1.0e-05,0.0,0.0,0.0
2016,2016-08-28,V. ESTRELLA BURGOS,0.36147,0.0,0.08074,0.0,0.02204,0.0,0.0017,0.0,0.00022,0.0,4.0e-05,0.0,0.0,0.0
2016,2016-08-28,G. ELIAS,0.38417,0.0,0.05294,0.0,0.0144,0.0,0.0031,0.0,0.00012,0.0,2.0e-05,0.0,0.0,0.0
2016,2016-08-28,G. ANDREOZZI,0.04756,0.0,0.01773,0.0,0.00527,0.0,0.00113,0.0,5.0e-05,0.0,1.0e-05,0.0,0.0,0.0
2016,2016-08-28,B. BAKER,0.35991,0.0,0.05917,0.0,0.0209,0.0,0.00238,0.0,0.00034,0.0,2.0e-05,0.0,0.0,0.0
2016,2016-08-28,M. ZVEREV,0.38784,1.0,0.09247,0.0,0.01919,0.0,0.00416,0.0,0.00015,0.0,2.0e-05,0.0,0.0,0.0
2016,2016-08-28,I. MARCHENKO,0.39284,1.0,0.08276,1.0,0.01429,1.0,0.00256,0.0,0.0004,0.0,3.0e-05,0.0,0.0,0.0
2016,2016-08-28,E. ESCOBEDO,0.31072,1.0,0.02841,0.0,0.00577,0.0,0.00017,0.0,4.0e-05,0.0,1.0e-05,0.0,0.0,0.0
2016,2016-08-28,P. LORENZI,0.41471,1.0,0.09469,1.0,0.00509,0.0,0.00136,0.0,0.00017,0.0,3.0e-05,0.0,0.0,0.0
2016,2016-08-28,R. BERANKIS,0.43204,1.0,0.05568,0.0,0.01504,0.0,0.00202,0.0,0.00033,0.0,3.0e-05,0.0,0.0,0.0
2016,2016-08-28,I. CERVANTES,0.12249,0.0,0.04444,0.0,0.01151,0.0,0.00082,0.0,0.00011,0.0,2.0e-05,0.0,0.0,0.0
2016,2016-08-28,H. ZEBALLOS,0.22772,1.0,0.03372,0.0,0.00959,0.0,0.00176,0.0,0.00028,0.0,2.0e-05,0.0,0.0,0.0
2016,2016-08-28,A. GIANNESSI,0.35971,1.0,0.022,0.0,0.00587,0.0,0.001,0.0,0.00016,0.0,2.0e-05,0.0,0.0,0.0
2016,2016-08-28,D. KUDLA,0.64029,0.0,0.05394,0.0,0.01579,0.0,0.00261,0.0,0.00035,0.0,2.0e-05,0.0,0.0,0.0
2016,2016-08-28,B. BECKER,0.04559,0.0,0.02726,0.0,0.00771,0.0,0.00189,0.0,0.00017,0.0,2.0e-05,0.0,0.0,0.0
2016,2016-08-28,L. LACKO,0.68928,0.0,0.0916,0.0,0.02037,0.0,0.00054,0.0,0.0001,0.0,1.0e-05,0.0,0.0,0.0
2016,2016-08-28,K. EDMUND,0.07829,1.0,0.04162,1.0,0.00911,1.0,0.00026,0.0,5.0e-05,0.0,1.0e-05,0.0,0.0,0.0
2016,2016-08-28,F. BAGNIS,0.15016,0.0,0.04522,0.0,0.00459,0.0,0.00086,0.0,0.00012,0.0,1.0e-05,0.0,0.0,0.0
2016,2016-08-28,E. DONSKOY,0.16552,0.0,0.0156,0.0,0.00341,0.0,0.00076,0.0,0.00014,0.0,1.0e-05,0.0,0.0,0.0
2016,2016-08-28,R. DUTRA SILVA,0.07616,0.0,0.03213,0.0,0.00774,0.0,0.00149,0.0,5.0e-05,0.0,1.0e-05,0.0,0.0,0.0
2016,2016-08-28,J. DUCKWORTH,0.30022,1.0,0.031,0.0,0.00889,0.0,0.00159,0.0,5.0e-05,0.0,1.0e-05,0.0,0.0,0.0
2016,2016-08-28,R. ALBOT,0.18686,0.0,0.02696,0.0,0.00705,0.0,0.00066,0.0,6.0e-05,0.0,1.0e-05,0.0,0.0,0.0
2016,2016-08-28,M. CHIUDINELLI,0.74437,1.0,0.15778,0.0,0.02838,0.0,0.00242,0.0,0.00024,0.0,1.0e-05,0.0,0.0,0.0
2016,2016-08-28,J. KOVALIK,0.23024,0.0,0.03326,0.0,0.00407,0.0,0.00068,0.0,2.0e-05,0.0,0.0,0.0,0.0,0.0
2016,2016-08-28,M. MMOH,0.11945,0.0,0.01308,0.0,0.00251,0.0,0.00016,0.0,2.0e-05,0.0,0.0,0.0,0.0,0.0
2016,2016-08-28,J. STRUFF,0.25238,0.0,0.04785,0.0,0.00845,0.0,0.00072,0.0,6.0e-05,0.0,1.0e-05,0.0,0.0,0.0
2016,2016-08-28,T. GABASHVILI,0.22808,0.0,0.0362,0.0,0.00398,0.0,0.00077,0.0,0.00012,0.0,1.0e-05,0.0,0.0,0.0
2016,2016-08-28,T. FABBIANO,0.29245,0.0,0.00968,0.0,0.00176,0.0,0.00032,0.0,3.0e-05,0.0,0.0,0.0,0.0,0.0
2016,2016-08-28,M. MCDONALD,0.38226,0.0,0.01445,0.0,0.00261,0.0,0.00024,0.0,3.0e-05,0.0,0.0,0.0,0.0,0.0
2016,2016-08-28,G. CLEZAR,0.25563,0.0,0.02859,0.0,0.00344,0.0,0.00023,0.0,2.0e-05,0.0,0.0,0.0,0.0,0.0
2016,2016-08-28,J. THOMPSON,0.16594,0.0,0.01539,0.0,0.0018,0.0,4.0e-05,0.0,1.0e-05,0.0,0.0,0.0,0.0,0.0
2016,2016-08-28,F. TIAFOE,0.05192,0.0,0.01431,0.0,0.00166,0.0,3.0e-05,0.0,1.0e-05,0.0,0.0,0.0,0.0,0.0
