season,date,team1,team2,prob1,prob1_outcome,prob2,prob2_outcome
2022,2022-09-18,Sun,Aces,0.6588131777693481,0,0.3411868222306519,1
2022,2022-09-15,Sun,Aces,0.5766612650015631,1,0.4233387349984369,0
2022,2022-09-13,Aces,Sun,0.6645003483751487,1,0.3354996516248513,0
2022,2022-09-11,Aces,Sun,0.6480139037898303,1,0.35198609621016974,0
2022,2022-09-08,Sky,Sun,0.5861607399305165,0,0.41383926006948346,1
2022,2022-09-06,Storm,Aces,0.5323347574346189,0,0.4676652425653811,1
2022,2022-09-06,Sun,Sky,0.6335971766636277,1,0.3664028233363723,0
2022,2022-09-04,Storm,Aces,0.6063475501212257,0,0.39365244987877435,1
2022,2022-09-04,Sun,Sky,0.6769919236450299,0,0.3230080763549701,1
2022,2022-08-31,Aces,Storm,0.6521713242889636,1,0.3478286757110364,0
2022,2022-08-31,Sky,Sun,0.5639713031777353,1,0.43602869682226475,0
2022,2022-08-28,Sky,Sun,0.6085275337679172,0,0.39147246623208276,1
2022,2022-08-28,Aces,Storm,0.690783049188277,0,0.30921695081172296,1
2022,2022-08-24,Wings,Sun,0.44406858691654894,0,0.5559314130834511,1
2022,2022-08-23,Liberty,Sky,0.4416209115219631,0,0.5583790884780369,1
2022,2022-08-21,Storm,Mystics,0.7160704047786303,1,0.28392959522136973,0
2022,2022-08-21,Sun,Wings,0.8658398596682594,0,0.13416014033174062,1
2022,2022-08-20,Aces,Mercury,0.8852973645947282,1,0.11470263540527181,0
2022,2022-08-20,Sky,Liberty,0.7636662483677138,1,0.2363337516322862,0
2022,2022-08-18,Storm,Mystics,0.7038066476327792,1,0.2961933523672208,0
2022,2022-08-18,Sun,Wings,0.8550595674666572,1,0.14494043253334277,0
2022,2022-08-17,Aces,Mercury,0.8797671058640636,1,0.12023289413593641,0
2022,2022-08-17,Sky,Liberty,0.8214691122366895,0,0.1785308877633105,1
2022,2022-08-14,Sparks,Wings,0.4705261792234555,0,0.5294738207765445,1
2022,2022-08-14,Mercury,Sky,0.4027099902171749,0,0.5972900097828251,1
2022,2022-08-14,Mystics,Fever,0.9175979246119185,1,0.08240207538808153,0
2022,2022-08-14,Aces,Storm,0.6345963827307276,1,0.3654036172692724,0
2022,2022-08-14,Liberty,Dream,0.7223291290672651,1,0.2776708709327349,0
2022,2022-08-14,Sun,Lynx,0.8057511685213988,1,0.19424883147860117,0
2022,2022-08-12,Mercury,Wings,0.563909031316023,1,0.436090968683977,0
2022,2022-08-12,Lynx,Storm,0.5186626897635841,0,0.4813373102364159,1
2022,2022-08-12,Dream,Liberty,0.5370396151003223,0,0.4629603848996777,1
2022,2022-08-12,Fever,Mystics,0.19331490803537107,0,0.8066850919646289,1
2022,2022-08-11,Sparks,Sun,0.2538761860279237,0,0.7461238139720763,1
2022,2022-08-11,Aces,Sky,0.6162281873665139,1,0.38377181263348614,0
2022,2022-08-10,Mercury,Lynx,0.5531203296602338,0,0.44687967033976617,1
2022,2022-08-10,Wings,Liberty,0.7168391168176296,0,0.2831608831823704,1
2022,2022-08-09,Sparks,Sun,0.28555842790808483,0,0.7144415720919152,1
2022,2022-08-09,Aces,Dream,0.8329862427887542,1,0.16701375721124578,0
2022,2022-08-09,Sky,Storm,0.7190495974497344,0,0.2809504025502656,1
2022,2022-08-08,Wings,Liberty,0.6993949875849987,1,0.30060501241500126,0
2022,2022-08-07,Lynx,Dream,0.703253948682581,1,0.29674605131741905,0
2022,2022-08-07,Mystics,Sparks,0.8345101427436139,0,0.1654898572563861,1
2022,2022-08-07,Storm,Aces,0.5768791134565107,0,0.42312088654348934,1
2022,2022-08-07,Sky,Sun,0.6152654003426022,1,0.38473459965739776,0
2022,2022-08-06,Mercury,Liberty,0.6021836146702135,1,0.39781638532978647,0
2022,2022-08-06,Wings,Fever,0.8847850672258608,1,0.11521493277413919,0
2022,2022-08-05,Sky,Mystics,0.6725228636182081,1,0.3274771363817919,0
2022,2022-08-05,Dream,Sparks,0.6699630093343562,1,0.33003699066564385,0
2022,2022-08-04,Wings,Aces,0.456100210175228,1,0.5438997898247719,0
2022,2022-08-04,Sun,Mercury,0.816351741065187,1,0.18364825893481296,0
2022,2022-08-03,Storm,Lynx,0.6939049734441637,1,0.3060950265558363,0
2022,2022-08-03,Dream,Fever,0.8176510989711563,1,0.1823489010288437,0
2022,2022-08-03,Liberty,Sparks,0.700684758847451,1,0.29931524115254904,0
2022,2022-08-02,Sky,Wings,0.8124714742467365,0,0.1875285257532635,1
2022,2022-08-02,Sun,Mercury,0.8008553782494022,1,0.19914462175059777,0
2022,2022-08-02,Liberty,Sparks,0.6527125691085439,1,0.3472874308914561,0
2022,2022-08-02,Mystics,Aces,0.5414519811631786,1,0.4585480188368214,0
2022,2022-07-31,Sparks,Lynx,0.5014374065293222,0,0.4985625934706778,1
2022,2022-07-31,Fever,Aces,0.15685546673119766,0,0.8431445332688023,1
2022,2022-07-31,Mystics,Storm,0.603268717536487,1,0.39673128246351297,0
2022,2022-07-31,Liberty,Mercury,0.5085338813356252,1,0.49146611866437484,0
2022,2022-07-31,Sun,Sky,0.6008060536751332,0,0.3991939463248668,1
2022,2022-07-30,Dream,Wings,0.589947370862146,0,0.410052629137854,1
2022,2022-07-30,Mystics,Storm,0.6403876245577151,0,0.35961237544228486,1
2022,2022-07-29,Sky,Liberty,0.8536568543409141,1,0.1463431456590859,0
2022,2022-07-29,Fever,Aces,0.1669709823153783,0,0.8330290176846217,1
2022,2022-07-28,Mercury,Sparks,0.6822374126933812,1,0.31776258730661877,0
2022,2022-07-28,Wings,Mystics,0.4764008806634701,0,0.5235991193365299,1
2022,2022-07-28,Dream,Lynx,0.577493602049719,0,0.422506397950281,1
2022,2022-07-28,Sun,Storm,0.694625836747424,1,0.30537416325257605,0
2022,2022-07-26,Sky,Aces,0.7112397604514049,0,0.2887602395485951,1
2022,2022-07-24,Lynx,Sun,0.42987698330867297,0,0.570123016691327,1
2022,2022-07-24,Storm,Dream,0.7359352428152844,1,0.26406475718471556,0
2022,2022-07-24,Fever,Wings,0.33184023317428046,0,0.6681597668257195,1
2022,2022-07-23,Aces,Sparks,0.7880314063265765,1,0.21196859367342347,0
2022,2022-07-23,Liberty,Sky,0.2421630796957814,1,0.7578369203042186,0
2022,2022-07-22,Mercury,Storm,0.42917308698657664,1,0.5708269130134234,0
2022,2022-07-22,Lynx,Sun,0.4679008987381527,0,0.5320991012618472,1
2022,2022-07-22,Sky,Wings,0.8417548680264522,1,0.15824513197354784,0
2022,2022-07-21,Aces,Fever,0.9063244388870317,1,0.09367556111296826,0
2022,2022-07-21,Sparks,Dream,0.5418008278676529,1,0.45819917213234707,0
2022,2022-07-21,Mystics,Liberty,0.7975860871394703,1,0.20241391286052968,0
2022,2022-07-20,Sky,Storm,0.719498898282606,1,0.28050110171739395,0
2022,2022-07-19,Sparks,Fever,0.7895319339867771,1,0.21046806601322288,0
2022,2022-07-19,Aces,Dream,0.8237508127663828,0,0.17624918723361716,1
2022,2022-07-19,Sun,Liberty,0.8243062140436569,1,0.1756937859563431,0
2022,2022-07-17,Mercury,Dream,0.7021169048281842,0,0.29788309517181577,1
2022,2022-07-17,Storm,Fever,0.9064111819591433,1,0.09358881804085672,0
2022,2022-07-17,Mystics,Lynx,0.6637471020118737,1,0.3362528979881263,0
2022,2022-07-17,Sun,Aces,0.634513760979144,0,0.365486239020856,1
2022,2022-07-16,Wings,Sky,0.3471427709912765,0,0.6528572290087236,1
2022,2022-07-15,Dream,Sun,0.3700913616606895,0,0.6299086383393104,1
2022,2022-07-15,Fever,Lynx,0.2983706294923104,0,0.7016293705076896,1
2022,2022-07-14,Sparks,Sky,0.29840369225349467,0,0.7015963077465053,1
2022,2022-07-14,Mercury,Mystics,0.47607409100009757,1,0.5239259089999024,0
2022,2022-07-14,Lynx,Wings,0.6964647613655711,0,0.3035352386344289,1
2022,2022-07-14,Liberty,Aces,0.4196991030763449,0,0.5803008969236552,1
2022,2022-07-13,Fever,Sun,0.2085269823340993,0,0.7914730176659007,1
2022,2022-07-12,Sparks,Mystics,0.4626934765827294,0,0.5373065234172706,1
2022,2022-07-12,Sky,Dream,0.8481482386494916,1,0.15185176135050837,0
2022,2022-07-12,Lynx,Mercury,0.6619544408802893,1,0.3380455591197107,0
2022,2022-07-12,Liberty,Aces,0.44620306476501115,0,0.5537969352349889,1
2022,2022-07-12,Storm,Wings,0.7548323912420126,1,0.24516760875798738,0
2022,2022-07-07,Sparks,Storm,0.5271652543143888,0,0.47283474568561124,1
2022,2022-07-07,Mercury,Liberty,0.6371018578535822,1,0.3628981421464178,0
2022,2022-07-07,Fever,Sky,0.1664811424619931,0,0.8335188575380069,1
2022,2022-07-06,Aces,Liberty,0.8056147381895141,0,0.19438526181048588,1
2022,2022-07-06,Dream,Mystics,0.5134454170457871,0,0.48655458295421294,1
2022,2022-07-06,Lynx,Sky,0.39566398011863657,1,0.6043360198813634,0
2022,2022-07-05,Wings,Sun,0.36981677146332587,1,0.6301832285366742,0
2022,2022-07-05,Fever,Storm,0.2986168354092058,0,0.7013831645907942,1
2022,2022-07-04,Sparks,Mercury,0.6098157289970425,1,0.3901842710029575,0
2022,2022-07-03,Lynx,Aces,0.36504979596566534,1,0.6349502040343347,0
2022,2022-07-03,Sparks,Liberty,0.6531214603790098,1,0.34687853962099024,0
2022,2022-07-03,Dream,Storm,0.45047981692695666,1,0.5495201830730434,0
2022,2022-07-03,Sun,Mystics,0.7199517724687232,1,0.2800482275312768,0
2022,2022-07-02,Sky,Mercury,0.8056374672058231,1,0.19436253279417692,0
2022,2022-07-01,Storm,Fever,0.8632737502651776,1,0.1367262497348224,0
2022,2022-07-01,Wings,Sparks,0.6302059387225265,0,0.3697940612774735,1
2022,2022-07-01,Lynx,Aces,0.3862627252782245,0,0.6137372747217755,1
2022,2022-06-30,Liberty,Dream,0.6758287055024266,0,0.3241712944975734,1
2022,2022-06-29,Mercury,Fever,0.8023622369194492,1,0.1976377630805508,0
2022,2022-06-29,Storm,Aces,0.4468128896272108,1,0.5531871103727892,0
2022,2022-06-29,Sky,Sun,0.6413565639947952,1,0.35864343600520476,0
2022,2022-06-28,Lynx,Wings,0.5526217111604145,1,0.4473782888395855,0
2022,2022-06-28,Mystics,Dream,0.7356830869296916,1,0.26431691307030836,0
2022,2022-06-27,Sparks,Aces,0.3563962047531231,0,0.6436037952468769,1
2022,2022-06-27,Mercury,Fever,0.7917027397520425,1,0.20829726024795747,0
2022,2022-06-26,Sky,Lynx,0.8296054305514485,1,0.17039456944855147,0
2022,2022-06-26,Dream,Sun,0.36050742383420326,0,0.6394925761657968,1
2022,2022-06-25,Aces,Mystics,0.7807328459189733,0,0.2192671540810267,1
2022,2022-06-25,Storm,Sparks,0.7582050666751319,0,0.24179493332486812,1
2022,2022-06-25,Wings,Mercury,0.6969997300906459,0,0.30300026990935414,1
2022,2022-06-24,Dream,Liberty,0.6368049488552795,0,0.3631950511447205,1
2022,2022-06-23,Sparks,Sky,0.369616851763625,0,0.630383148236375,1
2022,2022-06-23,Storm,Mystics,0.6383191330703009,1,0.36168086692969914,0
2022,2022-06-23,Wings,Fever,0.8129208057138614,1,0.18707919428613862,0
2022,2022-06-23,Lynx,Mercury,0.575332421588412,1,0.424667578411588,0
2022,2022-06-22,Sun,Liberty,0.8443103993697737,0,0.1556896006302263,1
2022,2022-06-21,Sparks,Mystics,0.49409249367243174,1,0.5059075063275682,0
2022,2022-06-21,Aces,Sky,0.7030308238352195,0,0.29696917616478047,1
2022,2022-06-21,Mercury,Lynx,0.7200673944245869,0,0.2799326055754131,1
2022,2022-06-21,Dream,Wings,0.5190209753477247,1,0.48097902465227527,0
2022,2022-06-19,Aces,Lynx,0.8793597628967671,1,0.1206402371032329,0
2022,2022-06-19,Wings,Sparks,0.680665087699629,1,0.31933491230037103,0
2022,2022-06-19,Fever,Sky,0.220101965642819,1,0.779898034357181,0
2022,2022-06-19,Mystics,Sun,0.42284949511040937,1,0.5771505048895906,0
2022,2022-06-19,Liberty,Storm,0.47623879128267027,0,0.5237612087173298,1
2022,2022-06-17,Wings,Mercury,0.614703713976347,1,0.38529628602365296,0
2022,2022-06-17,Sky,Dream,0.8010196586590703,1,0.19898034134092968,0
2022,2022-06-17,Sun,Storm,0.7447263290907828,1,0.25527367090921715,0
2022,2022-06-16,Liberty,Mystics,0.443180848087942,1,0.556819151912058,0
2022,2022-06-15,Sun,Dream,0.8175068490305722,1,0.18249315096942775,0
2022,2022-06-15,Fever,Mercury,0.39335726068454807,0,0.6066427393154519,1
2022,2022-06-15,Wings,Aces,0.39393734777276845,0,0.6060626522272315,1
2022,2022-06-14,Lynx,Storm,0.4472340364766247,0,0.5527659635233753,1
2022,2022-06-14,Mystics,Mercury,0.6403938862583244,1,0.3596061137416756,0
2022,2022-06-12,Lynx,Fever,0.7548417182702993,0,0.24515828172970067,1
2022,2022-06-12,Mystics,Mercury,0.6949377181369661,0,0.30506228186303386,1
2022,2022-06-12,Wings,Storm,0.6189361425769737,0,0.3810638574230263,1
2022,2022-06-12,Liberty,Sky,0.34602955135521357,0,0.6539704486447864,1
2022,2022-06-11,Sparks,Aces,0.3579861440999885,0,0.6420138559000115,1
2022,2022-06-10,Mercury,Dream,0.629461464290506,1,0.370538535709494,0
2022,2022-06-10,Wings,Storm,0.640074333111445,0,0.359925666888555,1
2022,2022-06-10,Lynx,Mystics,0.5160228643648106,0,0.4839771356351894,1
2022,2022-06-10,Sun,Sky,0.6853906066336758,0,0.3146093933663242,1
2022,2022-06-10,Fever,Liberty,0.5192997620374735,0,0.4807002379625265,1
2022,2022-06-08,Mystics,Sky,0.48590046204325255,1,0.5140995379567475,0
2022,2022-06-08,Sun,Fever,0.9048702340178989,1,0.0951297659821011,0
2022,2022-06-07,Storm,Dream,0.6494882931766148,1,0.35051170682338517,0
2022,2022-06-07,Liberty,Lynx,0.47331855485346885,1,0.5266814451465311,0
2022,2022-06-05,Sky,Mystics,0.7102508749062905,1,0.28974912509370954,0
2022,2022-06-05,Aces,Wings,0.7500733049127353,1,0.24992669508726473,0
2022,2022-06-05,Mercury,Sparks,0.5951383401645935,1,0.40486165983540645,0
2022,2022-06-05,Storm,Sun,0.42983340404461345,0,0.5701665959553865,1
2022,2022-06-05,Dream,Fever,0.764509258028669,1,0.23549074197133102,0
2022,2022-06-05,Liberty,Lynx,0.5078775199381526,0,0.49212248006184744,1
2022,2022-06-03,Mercury,Sun,0.38598225139285497,0,0.614017748607145,1
2022,2022-06-03,Storm,Wings,0.658335554619177,0,0.34166444538082297,1
2022,2022-06-03,Dream,Sky,0.4624744785301494,0,0.5375255214698507,1
2022,2022-06-03,Mystics,Liberty,0.8059309142647969,0,0.1940690857352031,1
2022,2022-06-02,Aces,Sun,0.6780179298962531,0,0.3219820701037469,1
2022,2022-06-01,Dream,Lynx,0.6084614483648845,1,0.39153855163511553,0
2022,2022-06-01,Liberty,Fever,0.6184282902634676,1,0.3815717097365324,0
2022,2022-05-31,Sparks,Wings,0.5592357322835815,1,0.4407642677164185,0
2022,2022-05-31,Aces,Sun,0.65764357085276,1,0.34235642914723996,0
2022,2022-05-31,Fever,Mystics,0.38717212799886047,0,0.6128278720011395,1
2022,2022-05-31,Sky,Mercury,0.7450297828003006,1,0.25497021719969937,0
2022,2022-05-29,Lynx,Sparks,0.6387675730780533,0,0.3612324269219467,1
2022,2022-05-29,Storm,Liberty,0.7986193552524753,1,0.2013806447475247,0
2022,2022-05-29,Dream,Mercury,0.5316586248453127,1,0.4683413751546873,0
2022,2022-05-28,Sun,Mystics,0.7190596247126269,1,0.28094037528737315,0
2022,2022-05-28,Sky,Aces,0.545807865626023,0,0.454192134373977,1
2022,2022-05-27,Storm,Liberty,0.7901490385442702,1,0.2098509614557298,0
2022,2022-05-27,Fever,Sparks,0.4441585597319836,1,0.5558414402680164,0
2022,2022-05-26,Sun,Wings,0.7058806653714044,1,0.29411933462859563,0
2022,2022-05-25,Sparks,Mercury,0.5516923941691654,1,0.4483076058308346,0
2022,2022-05-24,Sky,Fever,0.8595376791985874,1,0.14046232080141263,0
2022,2022-05-24,Lynx,Liberty,0.7361547781682994,1,0.26384522183170056,0
2022,2022-05-24,Sun,Wings,0.7574672469010805,0,0.24253275309891953,1
2022,2022-05-24,Mystics,Dream,0.6969958832771532,1,0.3030041167228468,0
2022,2022-05-23,Aces,Sparks,0.7963260350386479,1,0.20367396496135215,0
2022,2022-05-22,Mystics,Sky,0.556406794785288,0,0.443593205214712,1
2022,2022-05-22,Fever,Sun,0.284577286322797,0,0.715422713677203,1
2022,2022-05-21,Wings,Lynx,0.6114960747462682,1,0.3885039252537318,0
2022,2022-05-21,Aces,Mercury,0.7404392351181587,1,0.2595607648818413,0
2022,2022-05-20,Storm,Sparks,0.6646211040696564,1,0.33537889593034365,0
2022,2022-05-20,Dream,Mystics,0.529999906541604,0,0.470000093458396,1
2022,2022-05-20,Sun,Fever,0.8590665911023364,1,0.1409334088976636,0
2022,2022-05-19,Aces,Lynx,0.7617047839837181,1,0.2382952160162819,0
2022,2022-05-19,Mercury,Wings,0.7119316967554812,0,0.2880683032445188,1
2022,2022-05-18,Storm,Sky,0.510792040200815,1,0.48920795979918497,0
2022,2022-05-17,Sparks,Lynx,0.6206051747679637,0,0.37939482523203627,1
2022,2022-05-17,Aces,Mercury,0.6857037211611319,1,0.3142962788388681,0
2022,2022-05-17,Wings,Mystics,0.6013932174278154,0,0.3986067825721846,1
2022,2022-05-17,Liberty,Sun,0.34358872537206897,0,0.656411274627931,1
2022,2022-05-17,Fever,Dream,0.563017849320034,0,0.43698215067996604,1
2022,2022-05-15,Fever,Dream,0.6016936927241032,0,0.3983063072758968,1
2022,2022-05-15,Liberty,Wings,0.5226719001694321,0,0.4773280998305679,1
2022,2022-05-14,Lynx,Sky,0.49837412470588854,0,0.5016258752941114,1
2022,2022-05-14,Sun,Sparks,0.711974050657694,1,0.28802594934230596,0
2022,2022-05-14,Storm,Mercury,0.5899829552992808,0,0.4100170447007192,1
2022,2022-05-13,Liberty,Fever,0.6498221494592353,0,0.35017785054076467,1
2022,2022-05-13,Dream,Aces,0.4066588468052986,0,0.5933411531947014,1
2022,2022-05-13,Mystics,Wings,0.6960444253453099,0,0.30395557465469014,1
2022,2022-05-11,Mercury,Storm,0.5863274010440777,1,0.41367259895592234,0
2022,2022-05-11,Sky,Liberty,0.760661210345463,1,0.23933878965453703,0
2022,2022-05-11,Dream,Sparks,0.5126675924642982,1,0.48733240753570184,0
2022,2022-05-10,Mystics,Aces,0.46202551294915295,1,0.537974487050847,0
2022,2022-05-10,Fever,Lynx,0.44401690283621204,1,0.555983097163788,0
2022,2022-05-08,Aces,Storm,0.6758267908056274,1,0.32417320919437265,0
2022,2022-05-08,Lynx,Mystics,0.6855779197630514,0,0.3144220802369486,1
2022,2022-05-08,Fever,Sparks,0.48183223521027174,0,0.5181677647897283,1
2022,2022-05-07,Wings,Dream,0.6860235897961601,0,0.31397641020383993,1
2022,2022-05-07,Liberty,Sun,0.3935576012078953,1,0.6064423987921047,0
2022,2022-05-06,Mercury,Aces,0.5793616019580646,0,0.42063839804193537,1
2022,2022-05-06,Storm,Lynx,0.5844269908343771,1,0.4155730091656229,0
2022,2022-05-06,Sky,Sparks,0.748313144319154,0,0.25168685568084603,1
2022,2022-05-06,Mystics,Fever,0.6841869628431014,1,0.31581303715689857,0
2021,2021-10-17,Sky,Mercury,0.7296366436068596,1,0.27036335639314035,0
2021,2021-10-15,Sky,Mercury,0.6647395994522671,1,0.3352604005477329,0
2021,2021-10-13,Mercury,Sky,0.5879400849420163,1,0.4120599150579837,0
2021,2021-10-10,Mercury,Sky,0.6787519324593944,0,0.32124806754060564,1
2021,2021-10-08,Aces,Mercury,0.6828632125352933,0,0.31713678746470675,1
2021,2021-10-06,Mercury,Aces,0.7014235146790905,0,0.2985764853209095,1
2021,2021-10-06,Sky,Sun,0.49035024143993294,1,0.509649758560067,0
2021,2021-10-03,Mercury,Aces,0.6419157652696798,1,0.35808423473032025,0
2021,2021-10-03,Sky,Sun,0.4592798084836952,1,0.5407201915163048,0
2021,2021-09-30,Aces,Mercury,0.7928044592994424,0,0.20719554070055757,1
2021,2021-09-30,Sun,Sky,0.773596286084189,1,0.22640371391581104,0
2021,2021-09-28,Aces,Mercury,0.7832321356926689,1,0.21676786430733108,0
2021,2021-09-28,Sun,Sky,0.8259459400450258,0,0.17405405995497425,1
2021,2021-09-26,Lynx,Sky,0.7707070196529773,0,0.22929298034702272,1
2021,2021-09-26,Storm,Mercury,0.6295548998093902,0,0.37044510019060983,1
2021,2021-09-23,Mercury,Liberty,0.8933688222202713,1,0.10663117777972875,0
2021,2021-09-23,Sky,Wings,0.7613647337645283,1,0.2386352662354717,0
2021,2021-09-19,Sky,Fever,0.8391286831548505,1,0.16087131684514955,0
2021,2021-09-19,Wings,Sparks,0.612010384664115,1,0.38798961533588505,0
2021,2021-09-19,Mercury,Aces,0.4677366908092141,0,0.5322633091907859,1
2021,2021-09-19,Mystics,Lynx,0.34745381201463843,0,0.6525461879853616,1
2021,2021-09-19,Sun,Dream,0.931439933140754,1,0.06856006685924598,0
2021,2021-09-17,Storm,Mercury,0.5667546787357955,1,0.43324532126420445,0
2021,2021-09-17,Sky,Aces,0.4841424369871029,0,0.5158575630128971,1
2021,2021-09-17,Fever,Lynx,0.23722206183830657,0,0.7627779381616935,1
2021,2021-09-17,Liberty,Mystics,0.46036001163561663,1,0.5396399883643834,0
2021,2021-09-16,Dream,Sparks,0.4826102895738158,0,0.5173897104261842,1
2021,2021-09-15,Sun,Liberty,0.925553042375483,1,0.07444695762451703,0
2021,2021-09-14,Dream,Fever,0.607596570180935,1,0.39240342981906495,0
2021,2021-09-13,Aces,Wings,0.8315969020771248,1,0.16840309792287522,0
2021,2021-09-12,Sparks,Storm,0.3206955874036899,1,0.6793044125963101,0
2021,2021-09-12,Lynx,Fever,0.881622124016089,1,0.11837787598391103,0
2021,2021-09-12,Sky,Mystics,0.7994876923923863,0,0.20051230760761374,1
2021,2021-09-11,Mercury,Sun,0.4922365053245003,0,0.5077634946754996,1
2021,2021-09-11,Wings,Liberty,0.7365837279420264,1,0.2634162720579736,0
2021,2021-09-10,Lynx,Fever,0.876766638391908,1,0.12323336160809195,0
2021,2021-09-10,Mystics,Dream,0.7112302500552301,1,0.2887697499447699,0
2021,2021-09-09,Sparks,Sun,0.23950879849507506,0,0.760491201504925,1
2021,2021-09-08,Aces,Lynx,0.622182322824707,1,0.377817677175293,0
2021,2021-09-08,Dream,Mercury,0.26435867184429135,0,0.7356413281557086,1
2021,2021-09-07,Storm,Mystics,0.8006179798042917,1,0.19938202019570828,0
2021,2021-09-07,Wings,Sun,0.33407005895103803,0,0.665929941048962,1
2021,2021-09-06,Fever,Mercury,0.2770856876399844,0,0.7229143123600156,1
2021,2021-09-05,Wings,Dream,0.798083504252987,0,0.20191649574701298,1
2021,2021-09-05,Sky,Aces,0.5150436166480321,1,0.4849563833519679,0
2021,2021-09-04,Lynx,Mystics,0.8180961096209682,1,0.18190389037903176,0
2021,2021-09-04,Fever,Mercury,0.3096634839847375,0,0.6903365160152626,1
2021,2021-09-02,Aces,Sky,0.6865840275924577,1,0.31341597240754226,0
2021,2021-09-02,Storm,Liberty,0.8606296838284997,1,0.1393703161715003,0
2021,2021-09-02,Wings,Dream,0.7922680109467345,1,0.2077319890532655,0
2021,2021-09-02,Lynx,Sparks,0.8410684569970712,1,0.15893154300292878,0
2021,2021-08-31,Mercury,Sky,0.5653294218213802,1,0.43467057817861976,0
2021,2021-08-31,Lynx,Liberty,0.8743747113555116,1,0.1256252886444884,0
2021,2021-08-31,Fever,Sparks,0.5403030395482361,1,0.4596969604517639,0
2021,2021-08-31,Mystics,Sun,0.31953646159733656,0,0.6804635384026634,1
2021,2021-08-29,Storm,Sky,0.737631933504678,0,0.26236806649532196,1
2021,2021-08-28,Sun,Sparks,0.8611860509589484,1,0.1388139490410516,0
2021,2021-08-28,Mystics,Wings,0.5485375006501085,1,0.45146249934989147,0
2021,2021-08-28,Fever,Aces,0.26258357980232744,0,0.7374164201976725,1
2021,2021-08-27,Storm,Sky,0.77267858217685,0,0.22732141782314996,1
2021,2021-08-27,Liberty,Mercury,0.35374683311355964,0,0.6462531668864404,1
2021,2021-08-26,Dream,Aces,0.23050193965195526,0,0.7694980603480448,1
2021,2021-08-26,Sun,Sparks,0.8584031526178033,1,0.1415968473821967,0
2021,2021-08-26,Mystics,Wings,0.5825729835114933,0,0.41742701648850666,1
2021,2021-08-25,Liberty,Mercury,0.41482605043833215,0,0.5851739495616679,1
2021,2021-08-24,Lynx,Storm,0.5154489783135846,1,0.4845510216864154,0
2021,2021-08-24,Dream,Sky,0.3618706547718195,0,0.6381293452281804,1
2021,2021-08-24,Sun,Aces,0.6150008710522551,1,0.3849991289477449,0
2021,2021-08-24,Mystics,Sparks,0.6336764502662277,1,0.36632354973377235,0
2021,2021-08-22,Mystics,Storm,0.31487766554407703,0,0.685122334455923,1
2021,2021-08-22,Liberty,Sparks,0.5889111422041233,0,0.41108885779587667,1
2021,2021-08-21,Sky,Lynx,0.53138113523561,0,0.46861886476438996,1
2021,2021-08-21,Dream,Mercury,0.3850977817422972,0,0.6149022182577029,1
2021,2021-08-20,Wings,Fever,0.7713851427915956,0,0.22861485720840435,1
2021,2021-08-20,Liberty,Storm,0.2791711534366029,0,0.7208288465633971,1
2021,2021-08-19,Sparks,Dream,0.6847037863989498,1,0.3152962136010502,0
2021,2021-08-19,Mercury,Mystics,0.6750954969610532,1,0.3249045030389468,0
2021,2021-08-19,Sun,Lynx,0.6500972863269204,1,0.34990271367307957,0
2021,2021-08-18,Liberty,Storm,0.24388598894944127,1,0.7561140110505588,0
2021,2021-08-17,Sparks,Dream,0.6697973421114882,1,0.3302026578885118,0
2021,2021-08-17,Aces,Mystics,0.8059451519472433,1,0.19405484805275675,0
2021,2021-08-17,Mercury,Fever,0.7841496262835153,1,0.21585037371648474,0
2021,2021-08-17,Sky,Wings,0.7073492362207903,0,0.29265076377920973,1
2021,2021-08-17,Sun,Lynx,0.619072094644485,1,0.380927905355515,0
2021,2021-08-15,Sparks,Fever,0.6617891114504327,1,0.33821088854956727,0
2021,2021-08-15,Lynx,Liberty,0.8416420404481447,1,0.15835795955185528,0
2021,2021-08-15,Aces,Mystics,0.8025556920106901,1,0.1974443079893099,0
2021,2021-08-15,Mercury,Dream,0.7657427883656567,1,0.23425721163434332,0
2021,2021-08-15,Sky,Storm,0.4130467752486292,1,0.5869532247513708,0
2021,2021-08-15,Wings,Sun,0.47280149416090583,0,0.5271985058390942,1
2021,2021-08-12,Storm,Sun,0.6880695909838722,1,0.3119304090161278,0
2021,2021-07-11,Sparks,Lynx,0.3754266455480505,0,0.6245733544519495,1
2021,2021-07-11,Storm,Mercury,0.7993799209423227,1,0.20062007905767731,0
2021,2021-07-11,Dream,Fever,0.682779856720635,0,0.317220143279365,1
2021,2021-07-11,Liberty,Sun,0.3559806303392887,0,0.6440193696607113,1
2021,2021-07-11,Wings,Aces,0.4743881759911393,0,0.5256118240088608,1
2021,2021-07-10,Sky,Mystics,0.7409596595963761,0,0.2590403404036239,1
2021,2021-07-09,Aces,Lynx,0.7014274306408038,0,0.2985725693591962,1
2021,2021-07-09,Mercury,Storm,0.3372774539025359,1,0.6627225460974642,0
2021,2021-07-09,Sun,Dream,0.8255315359422436,1,0.1744684640577564,0
2021,2021-07-09,Fever,Liberty,0.46069552428795657,1,0.5393044757120434,0
2021,2021-07-07,Aces,Mercury,0.8429286029593008,0,0.15707139704069917,1
2021,2021-07-07,Storm,Sparks,0.8721618026574264,1,0.12783819734257362,0
2021,2021-07-07,Lynx,Wings,0.665287332249933,1,0.33471266775006703,0
2021,2021-07-05,Liberty,Wings,0.4610220057019801,1,0.53897799429802,0
2021,2021-07-04,Sparks,Storm,0.2861317042498342,0,0.7138682957501659,1
2021,2021-07-04,Aces,Dream,0.8728488058138726,1,0.12715119418612741,0
2021,2021-07-03,Mercury,Lynx,0.5672197957523256,0,0.4327802042476744,1
2021,2021-07-03,Fever,Sun,0.21154678509557154,1,0.7884532149044284,0
2021,2021-07-03,Liberty,Mystics,0.5534421836702308,1,0.4465578163297692,0
2021,2021-07-02,Sparks,Aces,0.31628860172181145,0,0.6837113982781886,1
2021,2021-07-02,Storm,Dream,0.8774821614357117,1,0.12251783856428833,0
2021,2021-07-02,Wings,Sky,0.5448004891448112,1,0.45519951085518884,0
2021,2021-07-01,Fever,Sun,0.2194053608828321,0,0.7805946391171679,1
2021,2021-06-30,Sparks,Aces,0.3612518381230032,0,0.6387481618769968,1
2021,2021-06-30,Mercury,Lynx,0.6061729008785155,0,0.3938270991214845,1
2021,2021-06-30,Wings,Sky,0.5964434839628504,0,0.4035565160371496,1
2021,2021-06-29,Dream,Liberty,0.5816008959754492,1,0.4183991040245508,0
2021,2021-06-29,Mystics,Sun,0.4578820100466084,0,0.5421179899533917,1
2021,2021-06-27,Mercury,Sparks,0.653872557001489,1,0.34612744299851095,0
2021,2021-06-27,Aces,Storm,0.5467490698711329,1,0.4532509301288671,0
2021,2021-06-27,Sun,Sky,0.6299974366687818,1,0.37000256333121817,0
2021,2021-06-26,Dream,Liberty,0.6849373609388598,0,0.3150626390611402,1
2021,2021-06-26,Wings,Mystics,0.6645144823202653,1,0.33548551767973467,0
2021,2021-06-25,Lynx,Aces,0.4246380281502726,1,0.5753619718497274,0
2021,2021-06-24,Sparks,Mystics,0.553118000998615,1,0.44688199900138503,0
2021,2021-06-24,Fever,Wings,0.35408495793320854,0,0.6459150420667914,1
2021,2021-06-24,Liberty,Sky,0.4185525089013657,0,0.5814474910986343,1
2021,2021-06-23,Dream,Lynx,0.5449871788845846,0,0.4550128211154154,1
2021,2021-06-22,Storm,Mystics,0.8471618430015893,0,0.15283815699841075,1
2021,2021-06-22,Sun,Wings,0.6764027594254213,1,0.3235972405745787,0
2021,2021-06-22,Liberty,Sky,0.4805959660641484,0,0.5194040339358517,1
2021,2021-06-20,Sparks,Liberty,0.6823840408713261,0,0.3176159591286739,1
2021,2021-06-19,Wings,Lynx,0.5993543861865741,1,0.4006456138134259,0
2021,2021-06-19,Mystics,Fever,0.7866306125172116,1,0.21336938748278844,0
2021,2021-06-19,Sky,Sun,0.5079890619938296,1,0.49201093800617035,0
2021,2021-06-18,Sparks,Mercury,0.6421397421778158,0,0.3578602578221842,1
2021,2021-06-17,Aces,Liberty,0.838757919852241,1,0.16124208014775898,0
2021,2021-06-17,Sky,Sun,0.4748174497506014,1,0.5251825502493985,0
2021,2021-06-17,Wings,Lynx,0.6631537835502053,0,0.33684621644979473,1
2021,2021-06-17,Fever,Storm,0.16649537673274561,0,0.8335046232672544,1
2021,2021-06-17,Mystics,Dream,0.6370123372914026,1,0.3629876627085974,0
2021,2021-06-16,Sparks,Mercury,0.6236038804766139,1,0.37639611952338614,0
2021,2021-06-15,Aces,Liberty,0.827662863367473,1,0.17233713663252703,0
2021,2021-06-15,Lynx,Sky,0.6837655492591318,0,0.3162344507408682,1
2021,2021-06-15,Fever,Storm,0.1762231389084311,0,0.8237768610915689,1
2021,2021-06-13,Aces,Wings,0.7202729119383919,1,0.27972708806160806,0
2021,2021-06-13,Mercury,Liberty,0.7041923171397955,0,0.29580768286020453,1
2021,2021-06-13,Dream,Mystics,0.5206311687046805,1,0.4793688312953195,0
2021,2021-06-13,Sun,Storm,0.5638353216912286,0,0.43616467830877137,1
2021,2021-06-12,Lynx,Sparks,0.6189878943669535,1,0.38101210563304655,0
2021,2021-06-12,Fever,Sky,0.4571244634424407,0,0.5428755365575593,1
2021,2021-06-11,Mercury,Wings,0.6347757820109562,0,0.3652242179890438,1
2021,2021-06-11,Dream,Storm,0.32039368577507643,0,0.6796063142249236,1
2021,2021-06-10,Mystics,Sparks,0.5532847398765525,1,0.44671526012344753,0
2021,2021-06-09,Sky,Fever,0.7280057071648766,1,0.27199429283512344,0
2021,2021-06-09,Dream,Storm,0.366434106399141,0,0.633565893600859,1
2021,2021-06-08,Mercury,Wings,0.669064448573532,0,0.330935551426468,1
2021,2021-06-08,Mystics,Lynx,0.5515245440809162,1,0.4484754559190838,0
2021,2021-06-06,Lynx,Dream,0.6495559344694106,1,0.3504440655305894,0
2021,2021-06-06,Storm,Wings,0.8025915526003282,0,0.19740844739967178,1
2021,2021-06-05,Sun,Liberty,0.8251746499655669,1,0.1748253500344331,0
2021,2021-06-05,Sparks,Sky,0.6918743283558167,1,0.30812567164418325,0
2021,2021-06-05,Mystics,Aces,0.4208882123341511,0,0.5791117876658489,1
2021,2021-06-04,Storm,Wings,0.7976950153725237,1,0.20230498462747626,0
2021,2021-06-04,Lynx,Dream,0.637548699877877,1,0.362451300122123,0
2021,2021-06-03,Sparks,Fever,0.770128368669127,1,0.22987163133087296,0
2021,2021-06-03,Mercury,Sky,0.7042826279709684,1,0.2957173720290316,0
2021,2021-06-03,Liberty,Aces,0.3856887696055998,0,0.6143112303944003,1
2021,2021-06-01,Storm,Fever,0.8775858669494002,1,0.12241413305059978,0
2021,2021-06-01,Sky,Mercury,0.530870167832238,0,0.46912983216776205,1
2021,2021-06-01,Wings,Sparks,0.5512095489098912,1,0.44879045109010884,0
2021,2021-06-01,Sun,Aces,0.6128182111431004,1,0.3871817888568996,0
2021,2021-05-30,Lynx,Sun,0.4178354373730825,1,0.5821645626269175,0
2021,2021-05-30,Sky,Sparks,0.5702170377151884,0,0.4297829622848116,1
2021,2021-05-30,Aces,Fever,0.8498099814439969,1,0.1501900185560031,0
2021,2021-05-29,Wings,Mercury,0.5680292852272799,0,0.4319707147727201,1
2021,2021-05-29,Liberty,Dream,0.5880653041277764,0,0.41193469587222364,1
2021,2021-05-28,Aces,Fever,0.8354820004435745,1,0.16451799955642554,0
2021,2021-05-28,Storm,Lynx,0.784100638592025,1,0.21589936140797505,0
2021,2021-05-28,Sky,Sparks,0.642524603890749,0,0.35747539610925105,1
2021,2021-05-28,Sun,Mystics,0.7766528000177987,1,0.22334719998220132,0
2021,2021-05-27,Dream,Wings,0.5693874052100193,1,0.4306125947899807,0
2021,2021-05-26,Mercury,Aces,0.5336714257522251,0,0.46632857424777485,1
2021,2021-05-25,Storm,Sun,0.619031907455657,1,0.38096809254434305,0
2021,2021-05-25,Sky,Dream,0.7167714821280426,0,0.28322851787195735,1
2021,2021-05-25,Fever,Mystics,0.5505640752629232,0,0.44943592473707683,1
2021,2021-05-24,Liberty,Wings,0.524819924309383,1,0.47518007569061704,0
2021,2021-05-23,Aces,Sun,0.5978627161107785,0,0.40213728388922154,1
2021,2021-05-23,Sky,Liberty,0.7691818061975068,0,0.23081819380249324,1
2021,2021-05-23,Fever,Mystics,0.5043716307745062,1,0.4956283692254938,0
2021,2021-05-22,Wings,Storm,0.45385585240319665,0,0.5461441475968034,1
2021,2021-05-21,Aces,Sparks,0.7261688221714127,1,0.27383117782858735,0
2021,2021-05-21,Mercury,Sun,0.5651476765297876,0,0.4348523234702124,1
2021,2021-05-21,Fever,Dream,0.5856769068613903,0,0.4143230931386097,1
2021,2021-05-21,Mystics,Liberty,0.6397552890318688,1,0.36024471096813115,0
2021,2021-05-20,Lynx,Storm,0.46912396799701744,0,0.5308760320029826,1
2021,2021-05-19,Dream,Sky,0.483743561323809,0,0.516256438676191,1
2021,2021-05-19,Sun,Fever,0.7986349783735126,1,0.2013650216264874,0
2021,2021-05-18,Storm,Aces,0.724995151083358,0,0.275004848916642,1
2021,2021-05-18,Mystics,Mercury,0.5570788034968104,0,0.4429211965031896,1
2021,2021-05-18,Liberty,Lynx,0.4679990375456651,1,0.5320009624543349,0
2021,2021-05-16,Sun,Mercury,0.6637507096514165,1,0.33624929034858353,0
2021,2021-05-16,Fever,Liberty,0.6601243917606427,0,0.33987560823935725,1
2021,2021-05-15,Storm,Aces,0.7024898522771827,1,0.29751014772281725,0
2021,2021-05-15,Mystics,Sky,0.6087589521023686,0,0.39124104789763137,1
2021,2021-05-14,Sparks,Wings,0.6974860588693609,0,0.3025139411306391,1
2021,2021-05-14,Lynx,Mercury,0.624979205832222,0,0.375020794167778,1
2021,2021-05-14,Dream,Sun,0.47303139973193725,0,0.5269686002680627,1
2021,2021-05-14,Liberty,Fever,0.5441352874845269,1,0.4558647125154731,0
